Ghanaian_language_of_literacy,Education,Geographic_Area,Locality,Sex,11-Jun,14-Dec,15-19,20-24,25-29,30-34,35-39,40-44,45-49,50-54,55-59,60-64,65-69,70-74,75-79,80-84,85-89,90-94,95-99,100+
Literate,Never attended,Savelugu Municipal,Rural,Female,0,0,0,0,3,0,1,1,0,0,0,0,0,0,0,0,0,0,0,0
Literate,Never attended,Savelugu Municipal,Rural,Male,3,0,2,0,1,0,0,1,0,0,0,0,0,0,0,0,0,0,0,0
Literate,Never attended,Savelugu Municipal,Urban,Female,0,0,0,1,0,0,0,0,0,1,0,0,0,0,0,0,0,0,0,0
Literate,Never attended,Savelugu Municipal,Urban,Male,4,0,1,0,0,1,1,1,0,0,0,0,0,1,0,0,0,0,0,0
Literate,Nursery,Savelugu Municipal,Rural,Female,0,0,0,0,0,0,0,0,0,0,0,0,0,0,0,0,0,0,0,0
Literate,Nursery,Savelugu Municipal,Rural,Male,0,0,0,1,0,0,0,1,0,0,0,0,0,0,0,0,0,0,0,0
Literate,Nursery,Savelugu Municipal,Urban,Female,0,0,0,0,0,0,0,1,0,0,0,0,0,0,0,0,0,0,0,0
Literate,Nursery,Savelugu Municipal,Urban,Male,0,0,0,0,0,0,0,1,0,0,0,0,0,0,0,0,0,0,0,0
Literate,Kindergarten,Savelugu Municipal,Rural,Female,12,0,0,0,0,0,0,0,0,0,0,0,0,0,0,0,0,0,0,0
Literate,Kindergarten,Savelugu Municipal,Rural,Male,21,0,0,0,0,0,0,0,0,0,0,0,0,0,0,0,0,0,0,0
Literate,Kindergarten,Savelugu Municipal,Urban,Female,82,0,0,1,0,0,0,0,0,0,0,0,0,0,0,0,0,0,0,0
Literate,Kindergarten,Savelugu Municipal,Urban,Male,82,0,0,0,0,0,1,0,0,0,0,0,0,0,0,0,0,0,0,0
Literate,Primary,Savelugu Municipal,Rural,Female,329,222,21,24,7,4,2,2,0,1,0,1,0,0,0,0,0,0,0,0
Literate,Primary,Savelugu Municipal,Rural,Male,415,317,24,21,27,12,13,9,4,5,3,4,2,0,1,0,0,0,0,0
Literate,Primary,Savelugu Municipal,Urban,Female,1050,521,31,47,35,10,12,3,2,1,1,0,2,2,0,0,0,0,0,0
Literate,Primary,Savelugu Municipal,Urban,Male,1113,593,50,50,34,35,15,16,6,4,3,2,3,1,0,0,0,0,0,0
Literate,JSS/JHS,Savelugu Municipal,Rural,Female,11,110,297,88,57,33,17,3,1,2,0,0,0,0,0,0,0,0,0,0
Literate,JSS/JHS,Savelugu Municipal,Rural,Male,14,168,546,130,76,62,55,30,10,6,2,0,0,0,0,0,0,0,0,0
Literate,JSS/JHS,Savelugu Municipal,Urban,Female,43,339,977,244,151,82,28,13,6,2,1,0,0,0,0,0,0,0,0,0
Literate,JSS/JHS,Savelugu Municipal,Urban,Male,52,374,1080,249,150,152,83,49,31,3,7,0,0,0,0,0,0,0,0,0
Literate,Middle,Savelugu Municipal,Rural,Female,0,0,0,0,0,0,0,0,0,1,0,0,0,0,0,0,0,0,0,0
Literate,Middle,Savelugu Municipal,Rural,Male,0,0,0,0,0,0,0,0,4,2,3,4,3,1,0,1,0,0,0,0
Literate,Middle,Savelugu Municipal,Urban,Female,0,0,0,0,0,0,0,0,0,1,2,3,0,1,0,0,0,0,0,0
Literate,Middle,Savelugu Municipal,Urban,Male,0,0,0,0,0,0,0,0,2,9,12,9,13,7,1,2,2,0,0,0
Literate,SSS/SHS,Savelugu Municipal,Rural,Female,0,3,175,181,95,24,10,4,4,1,0,0,0,0,0,0,0,0,0,0
Literate,SSS/SHS,Savelugu Municipal,Rural,Male,0,3,249,359,221,107,46,29,26,1,0,0,0,0,0,0,0,0,0,0
Literate,SSS/SHS,Savelugu Municipal,Urban,Female,0,0,871,946,355,137,44,28,7,2,0,0,0,0,0,0,0,0,0,0
Literate,SSS/SHS,Savelugu Municipal,Urban,Male,0,6,1093,1455,434,296,170,122,71,10,0,0,0,0,0,0,0,0,0,0
Literate,Secondary,Savelugu Municipal,Rural,Female,0,0,1,2,4,0,2,1,0,0,0,0,0,0,0,0,0,0,0,0
Literate,Secondary,Savelugu Municipal,Rural,Male,0,0,3,2,3,0,1,3,3,9,2,4,5,1,0,0,0,0,0,0
Literate,Secondary,Savelugu Municipal,Urban,Female,0,0,1,10,6,3,1,2,1,4,3,0,1,1,0,0,0,0,0,0
Literate,Secondary,Savelugu Municipal,Urban,Male,0,2,1,6,6,14,9,11,6,24,16,13,8,4,3,2,0,0,0,0
Literate,Voc/technical/commercial,Savelugu Municipal,Rural,Female,0,0,1,2,2,1,0,0,0,0,0,0,0,0,0,0,0,0,0,0
Literate,Voc/technical/commercial,Savelugu Municipal,Rural,Male,0,0,0,6,8,5,6,1,2,0,0,0,0,0,0,0,0,0,0,0
Literate,Voc/technical/commercial,Savelugu Municipal,Urban,Female,0,0,0,0,28,11,3,0,0,0,0,0,0,0,0,0,0,0,0,0
Literate,Voc/technical/commercial,Savelugu Municipal,Urban,Male,0,0,2,3,51,14,3,7,4,1,0,1,1,0,0,0,0,0,0,0
Literate,Post middle/secondary Certificate,Savelugu Municipal,Rural,Female,0,0,1,0,0,0,0,0,0,0,0,0,0,0,0,0,0,0,0,0
Literate,Post middle/secondary Certificate,Savelugu Municipal,Rural,Male,0,0,0,0,1,1,2,0,0,1,0,1,0,0,0,1,0,0,0,0
Literate,Post middle/secondary Certificate,Savelugu Municipal,Urban,Female,0,0,3,3,5,13,1,1,1,0,0,2,0,0,0,0,0,0,0,0
Literate,Post middle/secondary Certificate,Savelugu Municipal,Urban,Male,0,0,1,4,13,12,8,3,2,0,6,2,4,1,0,0,0,0,0,0
Literate,Post middle/secondary Diploma,Savelugu Municipal,Rural,Female,0,0,0,3,4,0,1,0,0,0,0,0,0,0,0,0,0,0,0,0
Literate,Post middle/secondary Diploma,Savelugu Municipal,Rural,Male,0,0,1,11,14,15,5,3,1,1,1,2,1,1,1,0,0,0,0,0
Literate,Post middle/secondary Diploma,Savelugu Municipal,Urban,Female,0,0,11,29,29,27,6,3,2,2,4,2,0,0,1,0,0,0,0,0
Literate,Post middle/secondary Diploma,Savelugu Municipal,Urban,Male,0,0,0,17,78,62,32,16,6,3,3,2,4,2,1,0,0,0,0,0
Literate,Tertiary/HND,Savelugu Municipal,Rural,Female,0,0,7,20,9,5,0,0,0,0,0,0,0,0,0,0,0,0,0,0
Literate,Tertiary/HND,Savelugu Municipal,Rural,Male,0,0,1,59,25,16,6,1,0,0,0,1,1,0,0,0,0,0,0,0
Literate,Tertiary/HND,Savelugu Municipal,Urban,Female,0,0,16,77,34,27,11,5,1,1,0,2,0,0,0,0,0,0,0,0
Literate,Tertiary/HND,Savelugu Municipal,Urban,Male,0,0,12,149,93,88,64,29,14,11,4,2,2,1,0,0,0,0,0,0
Literate,Tertiary - Bachelor's Degree,Savelugu Municipal,Rural,Female,0,0,16,5,4,2,2,1,0,0,0,0,0,0,0,0,0,0,0,0
Literate,Tertiary - Bachelor's Degree,Savelugu Municipal,Rural,Male,0,0,31,29,23,25,18,9,4,3,0,1,3,1,0,0,0,0,0,0
Literate,Tertiary - Bachelor's Degree,Savelugu Municipal,Urban,Female,0,0,3,25,36,34,20,5,3,12,4,0,0,0,0,0,0,0,0,0
Literate,Tertiary - Bachelor's Degree,Savelugu Municipal,Urban,Male,0,0,55,43,108,173,91,90,33,20,15,12,8,2,2,0,0,0,0,0
Literate,Tertiary - Post graduate Certificate/Diploma,Savelugu Municipal,Rural,Female,0,0,0,3,3,2,1,0,0,0,0,0,0,0,0,0,0,0,0,0
Literate,Tertiary - Post graduate Certificate/Diploma,Savelugu Municipal,Rural,Male,0,0,0,19,23,12,2,1,1,2,0,0,0,0,0,0,0,0,0,0
Literate,Tertiary - Post graduate Certificate/Diploma,Savelugu Municipal,Urban,Female,0,0,0,81,90,27,12,3,3,0,2,1,0,0,0,0,0,0,0,0
Literate,Tertiary - Post graduate Certificate/Diploma,Savelugu Municipal,Urban,Male,0,0,0,250,204,97,31,21,4,7,5,6,2,1,0,0,0,0,0,0
Literate,Tertiary - Master's Degree,Savelugu Municipal,Rural,Female,0,0,0,0,0,0,0,0,0,0,0,0,0,0,0,0,0,0,0,0
Literate,Tertiary - Master's Degree,Savelugu Municipal,Rural,Male,0,0,0,0,1,2,3,1,0,1,0,0,0,1,0,0,0,0,0,0
Literate,Tertiary - Master's Degree,Savelugu Municipal,Urban,Female,0,0,0,0,1,2,6,0,0,2,5,0,0,0,0,0,0,0,0,0
Literate,Tertiary - Master's Degree,Savelugu Municipal,Urban,Male,0,0,0,5,15,19,19,23,10,5,5,3,3,0,0,0,0,0,0,0
Literate,Tertiary - PhD,Savelugu Municipal,Rural,Female,0,0,0,0,0,0,0,0,0,0,0,0,0,0,0,0,0,0,0,0
Literate,Tertiary - PhD,Savelugu Municipal,Rural,Male,0,0,0,0,4,0,0,0,0,0,0,0,0,0,0,0,0,0,0,0
Literate,Tertiary - PhD,Savelugu Municipal,Urban,Female,0,0,0,0,0,0,0,0,0,0,0,0,0,0,0,0,0,0,0,0
Literate,Tertiary - PhD,Savelugu Municipal,Urban,Male,0,0,0,0,1,1,1,5,1,2,1,3,0,0,1,0,0,0,0,0
Literate,Other (specify),Savelugu Municipal,Rural,Female,0,0,0,0,0,0,0,0,0,0,0,0,0,0,0,0,0,0,0,0
Literate,Other (specify),Savelugu Municipal,Rural,Male,0,0,0,0,0,2,1,0,0,0,0,0,0,0,0,0,0,0,0,0
Literate,Other (specify),Savelugu Municipal,Urban,Female,0,0,0,0,0,0,1,0,0,0,0,0,0,0,0,0,0,0,0,0
Literate,Other (specify),Savelugu Municipal,Urban,Male,0,0,0,1,1,3,0,0,2,2,0,0,0,0,0,0,0,0,0,0
Akwapim_Twi,Never attended,Savelugu Municipal,Rural,Female,0,0,0,0,0,0,0,0,0,0,0,0,0,0,0,0,0,0,0,0
Akwapim_Twi,Never attended,Savelugu Municipal,Rural,Male,0,0,0,0,0,0,0,0,0,0,0,0,0,0,0,0,0,0,0,0
Akwapim_Twi,Never attended,Savelugu Municipal,Urban,Female,0,0,0,0,0,0,0,0,0,0,0,0,0,0,0,0,0,0,0,0
Akwapim_Twi,Never attended,Savelugu Municipal,Urban,Male,0,0,0,0,0,0,0,0,0,0,0,0,0,0,0,0,0,0,0,0
Akwapim_Twi,Nursery,Savelugu Municipal,Rural,Female,0,0,0,0,0,0,0,0,0,0,0,0,0,0,0,0,0,0,0,0
Akwapim_Twi,Nursery,Savelugu Municipal,Rural,Male,0,0,0,0,0,0,0,0,0,0,0,0,0,0,0,0,0,0,0,0
Akwapim_Twi,Nursery,Savelugu Municipal,Urban,Female,0,0,0,0,0,0,0,0,0,0,0,0,0,0,0,0,0,0,0,0
Akwapim_Twi,Nursery,Savelugu Municipal,Urban,Male,0,0,0,0,0,0,0,0,0,0,0,0,0,0,0,0,0,0,0,0
Akwapim_Twi,Kindergarten,Savelugu Municipal,Rural,Female,0,0,0,0,0,0,0,0,0,0,0,0,0,0,0,0,0,0,0,0
Akwapim_Twi,Kindergarten,Savelugu Municipal,Rural,Male,0,0,0,0,0,0,0,0,0,0,0,0,0,0,0,0,0,0,0,0
Akwapim_Twi,Kindergarten,Savelugu Municipal,Urban,Female,0,0,0,0,0,0,0,0,0,0,0,0,0,0,0,0,0,0,0,0
Akwapim_Twi,Kindergarten,Savelugu Municipal,Urban,Male,0,0,0,0,0,0,0,0,0,0,0,0,0,0,0,0,0,0,0,0
Akwapim_Twi,Primary,Savelugu Municipal,Rural,Female,0,0,0,0,0,0,0,0,0,0,0,0,0,0,0,0,0,0,0,0
Akwapim_Twi,Primary,Savelugu Municipal,Rural,Male,0,0,0,0,1,0,0,0,0,0,0,0,0,0,0,0,0,0,0,0
Akwapim_Twi,Primary,Savelugu Municipal,Urban,Female,0,0,0,0,0,0,0,0,0,0,0,0,0,0,0,0,0,0,0,0
Akwapim_Twi,Primary,Savelugu Municipal,Urban,Male,0,0,0,0,0,0,0,0,0,0,0,0,0,0,0,0,0,0,0,0
Akwapim_Twi,JSS/JHS,Savelugu Municipal,Rural,Female,0,0,1,0,0,0,0,0,0,0,0,0,0,0,0,0,0,0,0,0
Akwapim_Twi,JSS/JHS,Savelugu Municipal,Rural,Male,0,0,0,0,0,0,0,0,0,0,0,0,0,0,0,0,0,0,0,0
Akwapim_Twi,JSS/JHS,Savelugu Municipal,Urban,Female,0,0,2,1,0,0,0,0,0,0,0,0,0,0,0,0,0,0,0,0
Akwapim_Twi,JSS/JHS,Savelugu Municipal,Urban,Male,0,0,0,0,0,0,0,0,0,0,0,0,0,0,0,0,0,0,0,0
Akwapim_Twi,Middle,Savelugu Municipal,Rural,Female,0,0,0,0,0,0,0,0,0,0,0,0,0,0,0,0,0,0,0,0
Akwapim_Twi,Middle,Savelugu Municipal,Rural,Male,0,0,0,0,0,0,0,0,0,0,0,0,0,0,0,0,0,0,0,0
Akwapim_Twi,Middle,Savelugu Municipal,Urban,Female,0,0,0,0,0,0,0,0,0,0,0,0,0,0,0,0,0,0,0,0
Akwapim_Twi,Middle,Savelugu Municipal,Urban,Male,0,0,0,0,0,0,0,0,0,0,0,0,0,0,0,0,0,0,0,0
Akwapim_Twi,SSS/SHS,Savelugu Municipal,Rural,Female,0,0,0,1,0,0,0,0,0,0,0,0,0,0,0,0,0,0,0,0
Akwapim_Twi,SSS/SHS,Savelugu Municipal,Rural,Male,0,0,0,0,2,1,0,0,0,0,0,0,0,0,0,0,0,0,0,0
Akwapim_Twi,SSS/SHS,Savelugu Municipal,Urban,Female,0,0,2,4,2,1,0,0,0,0,0,0,0,0,0,0,0,0,0,0
Akwapim_Twi,SSS/SHS,Savelugu Municipal,Urban,Male,0,0,6,6,2,2,1,0,0,0,0,0,0,0,0,0,0,0,0,0
Akwapim_Twi,Secondary,Savelugu Municipal,Rural,Female,0,0,0,0,0,0,0,0,0,0,0,0,0,0,0,0,0,0,0,0
Akwapim_Twi,Secondary,Savelugu Municipal,Rural,Male,0,0,0,0,0,0,0,0,0,0,0,0,0,0,0,0,0,0,0,0
Akwapim_Twi,Secondary,Savelugu Municipal,Urban,Female,0,0,0,0,0,0,0,0,0,0,0,0,0,0,0,0,0,0,0,0
Akwapim_Twi,Secondary,Savelugu Municipal,Urban,Male,0,0,0,0,0,0,0,0,0,0,0,0,0,0,0,0,0,0,0,0
Akwapim_Twi,Voc/technical/commercial,Savelugu Municipal,Rural,Female,0,0,0,0,0,0,0,0,0,0,0,0,0,0,0,0,0,0,0,0
Akwapim_Twi,Voc/technical/commercial,Savelugu Municipal,Rural,Male,0,0,0,0,0,0,0,0,0,0,0,0,0,0,0,0,0,0,0,0
Akwapim_Twi,Voc/technical/commercial,Savelugu Municipal,Urban,Female,0,0,0,0,0,0,0,0,0,0,0,0,0,0,0,0,0,0,0,0
Akwapim_Twi,Voc/technical/commercial,Savelugu Municipal,Urban,Male,0,0,0,0,0,0,0,0,0,0,0,0,0,0,0,0,0,0,0,0
Akwapim_Twi,Post middle/secondary Certificate,Savelugu Municipal,Rural,Female,0,0,0,0,0,0,0,0,0,0,0,0,0,0,0,0,0,0,0,0
Akwapim_Twi,Post middle/secondary Certificate,Savelugu Municipal,Rural,Male,0,0,0,0,0,0,0,0,0,0,0,0,0,0,0,0,0,0,0,0
Akwapim_Twi,Post middle/secondary Certificate,Savelugu Municipal,Urban,Female,0,0,0,1,0,1,1,0,0,0,0,0,0,0,0,0,0,0,0,0
Akwapim_Twi,Post middle/secondary Certificate,Savelugu Municipal,Urban,Male,0,0,0,0,1,0,0,0,0,0,0,0,0,0,0,0,0,0,0,0
Akwapim_Twi,Post middle/secondary Diploma,Savelugu Municipal,Rural,Female,0,0,0,0,0,0,0,0,0,0,0,0,0,0,0,0,0,0,0,0
Akwapim_Twi,Post middle/secondary Diploma,Savelugu Municipal,Rural,Male,0,0,0,0,0,0,0,0,0,0,0,0,0,0,0,0,0,0,0,0
Akwapim_Twi,Post middle/secondary Diploma,Savelugu Municipal,Urban,Female,0,0,0,1,0,2,0,1,0,0,0,0,0,0,0,0,0,0,0,0
Akwapim_Twi,Post middle/secondary Diploma,Savelugu Municipal,Urban,Male,0,0,0,0,0,0,0,0,0,0,0,0,0,0,0,0,0,0,0,0
Akwapim_Twi,Tertiary/HND,Savelugu Municipal,Rural,Female,0,0,0,0,0,1,0,0,0,0,0,0,0,0,0,0,0,0,0,0
Akwapim_Twi,Tertiary/HND,Savelugu Municipal,Rural,Male,0,0,0,0,0,0,0,0,0,0,0,0,0,0,0,0,0,0,0,0
Akwapim_Twi,Tertiary/HND,Savelugu Municipal,Urban,Female,0,0,0,0,1,0,0,0,0,0,0,0,0,0,0,0,0,0,0,0
Akwapim_Twi,Tertiary/HND,Savelugu Municipal,Urban,Male,0,0,0,0,1,0,0,1,0,0,0,0,0,0,0,0,0,0,0,0
Akwapim_Twi,Tertiary - Bachelor's Degree,Savelugu Municipal,Rural,Female,0,0,0,0,0,0,0,0,0,0,0,0,0,0,0,0,0,0,0,0
Akwapim_Twi,Tertiary - Bachelor's Degree,Savelugu Municipal,Rural,Male,0,0,0,0,2,0,0,0,0,0,0,0,0,0,0,0,0,0,0,0
Akwapim_Twi,Tertiary - Bachelor's Degree,Savelugu Municipal,Urban,Female,0,0,0,0,1,0,0,0,0,2,0,0,0,0,0,0,0,0,0,0
Akwapim_Twi,Tertiary - Bachelor's Degree,Savelugu Municipal,Urban,Male,0,0,0,0,1,5,1,1,0,0,0,0,0,0,0,0,0,0,0,0
Akwapim_Twi,Tertiary - Post graduate Certificate/Diploma,Savelugu Municipal,Rural,Female,0,0,0,0,0,0,0,0,0,0,0,0,0,0,0,0,0,0,0,0
Akwapim_Twi,Tertiary - Post graduate Certificate/Diploma,Savelugu Municipal,Rural,Male,0,0,0,0,0,0,0,0,0,0,0,0,0,0,0,0,0,0,0,0
Akwapim_Twi,Tertiary - Post graduate Certificate/Diploma,Savelugu Municipal,Urban,Female,0,0,0,3,3,0,0,0,0,0,0,0,0,0,0,0,0,0,0,0
Akwapim_Twi,Tertiary - Post graduate Certificate/Diploma,Savelugu Municipal,Urban,Male,0,0,0,10,5,1,0,1,0,0,0,0,0,0,0,0,0,0,0,0
Akwapim_Twi,Tertiary - Master's Degree,Savelugu Municipal,Rural,Female,0,0,0,0,0,0,0,0,0,0,0,0,0,0,0,0,0,0,0,0
Akwapim_Twi,Tertiary - Master's Degree,Savelugu Municipal,Rural,Male,0,0,0,0,0,0,0,0,0,0,0,0,0,0,0,0,0,0,0,0
Akwapim_Twi,Tertiary - Master's Degree,Savelugu Municipal,Urban,Female,0,0,0,0,0,0,0,0,0,0,0,0,0,0,0,0,0,0,0,0
Akwapim_Twi,Tertiary - Master's Degree,Savelugu Municipal,Urban,Male,0,0,0,0,1,0,0,1,2,0,0,0,0,0,0,0,0,0,0,0
Akwapim_Twi,Tertiary - PhD,Savelugu Municipal,Rural,Female,0,0,0,0,0,0,0,0,0,0,0,0,0,0,0,0,0,0,0,0
Akwapim_Twi,Tertiary - PhD,Savelugu Municipal,Rural,Male,0,0,0,0,0,0,0,0,0,0,0,0,0,0,0,0,0,0,0,0
Akwapim_Twi,Tertiary - PhD,Savelugu Municipal,Urban,Female,0,0,0,0,0,0,0,0,0,0,0,0,0,0,0,0,0,0,0,0
Akwapim_Twi,Tertiary - PhD,Savelugu Municipal,Urban,Male,0,0,0,0,0,0,0,0,0,0,0,1,0,0,0,0,0,0,0,0
Akwapim_Twi,Other (specify),Savelugu Municipal,Rural,Female,0,0,0,0,0,0,0,0,0,0,0,0,0,0,0,0,0,0,0,0
Akwapim_Twi,Other (specify),Savelugu Municipal,Rural,Male,0,0,0,0,0,0,0,0,0,0,0,0,0,0,0,0,0,0,0,0
Akwapim_Twi,Other (specify),Savelugu Municipal,Urban,Female,0,0,0,0,0,0,0,0,0,0,0,0,0,0,0,0,0,0,0,0
Akwapim_Twi,Other (specify),Savelugu Municipal,Urban,Male,0,0,0,0,0,0,0,0,0,0,0,0,0,0,0,0,0,0,0,0
Asante_Twi,Never attended,Savelugu Municipal,Rural,Female,0,0,0,0,1,0,0,0,0,0,0,0,0,0,0,0,0,0,0,0
Asante_Twi,Never attended,Savelugu Municipal,Rural,Male,0,0,0,0,0,0,0,0,0,0,0,0,0,0,0,0,0,0,0,0
Asante_Twi,Never attended,Savelugu Municipal,Urban,Female,0,0,0,0,0,0,0,0,0,0,0,0,0,0,0,0,0,0,0,0
Asante_Twi,Never attended,Savelugu Municipal,Urban,Male,0,0,0,0,0,0,0,0,0,0,0,0,0,0,0,0,0,0,0,0
Asante_Twi,Nursery,Savelugu Municipal,Rural,Female,0,0,0,0,0,0,0,0,0,0,0,0,0,0,0,0,0,0,0,0
Asante_Twi,Nursery,Savelugu Municipal,Rural,Male,0,0,0,0,0,0,0,0,0,0,0,0,0,0,0,0,0,0,0,0
Asante_Twi,Nursery,Savelugu Municipal,Urban,Female,0,0,0,0,0,0,0,0,0,0,0,0,0,0,0,0,0,0,0,0
Asante_Twi,Nursery,Savelugu Municipal,Urban,Male,0,0,0,0,0,0,0,0,0,0,0,0,0,0,0,0,0,0,0,0
Asante_Twi,Kindergarten,Savelugu Municipal,Rural,Female,0,0,0,0,0,0,0,0,0,0,0,0,0,0,0,0,0,0,0,0
Asante_Twi,Kindergarten,Savelugu Municipal,Rural,Male,0,0,0,0,0,0,0,0,0,0,0,0,0,0,0,0,0,0,0,0
Asante_Twi,Kindergarten,Savelugu Municipal,Urban,Female,0,0,0,0,0,0,0,0,0,0,0,0,0,0,0,0,0,0,0,0
Asante_Twi,Kindergarten,Savelugu Municipal,Urban,Male,0,0,0,0,0,0,0,0,0,0,0,0,0,0,0,0,0,0,0,0
Asante_Twi,Primary,Savelugu Municipal,Rural,Female,3,1,0,0,0,0,0,0,0,0,0,0,0,0,0,0,0,0,0,0
Asante_Twi,Primary,Savelugu Municipal,Rural,Male,0,0,0,0,1,0,0,0,0,0,0,0,0,0,0,0,0,0,0,0
Asante_Twi,Primary,Savelugu Municipal,Urban,Female,2,1,0,0,0,0,1,0,0,0,0,0,0,0,0,0,0,0,0,0
Asante_Twi,Primary,Savelugu Municipal,Urban,Male,1,0,0,0,0,0,0,0,0,0,0,0,0,0,0,0,0,0,0,0
Asante_Twi,JSS/JHS,Savelugu Municipal,Rural,Female,0,0,0,0,1,1,0,0,0,0,0,0,0,0,0,0,0,0,0,0
Asante_Twi,JSS/JHS,Savelugu Municipal,Rural,Male,0,1,0,2,0,0,1,0,0,0,0,0,0,0,0,0,0,0,0,0
Asante_Twi,JSS/JHS,Savelugu Municipal,Urban,Female,0,1,3,5,1,0,0,0,0,0,0,0,0,0,0,0,0,0,0,0
Asante_Twi,JSS/JHS,Savelugu Municipal,Urban,Male,0,0,1,2,5,4,1,0,0,0,0,0,0,0,0,0,0,0,0,0
Asante_Twi,Middle,Savelugu Municipal,Rural,Female,0,0,0,0,0,0,0,0,0,0,0,0,0,0,0,0,0,0,0,0
Asante_Twi,Middle,Savelugu Municipal,Rural,Male,0,0,0,0,0,0,0,0,0,0,0,0,1,0,0,0,0,0,0,0
Asante_Twi,Middle,Savelugu Municipal,Urban,Female,0,0,0,0,0,0,0,0,0,1,1,0,0,0,0,0,0,0,0,0
Asante_Twi,Middle,Savelugu Municipal,Urban,Male,0,0,0,0,0,0,0,0,0,0,2,0,1,0,0,0,0,0,0,0
Asante_Twi,SSS/SHS,Savelugu Municipal,Rural,Female,0,0,0,2,5,0,0,0,0,0,0,0,0,0,0,0,0,0,0,0
Asante_Twi,SSS/SHS,Savelugu Municipal,Rural,Male,0,0,0,2,5,0,0,0,0,0,0,0,0,0,0,0,0,0,0,0
Asante_Twi,SSS/SHS,Savelugu Municipal,Urban,Female,0,0,33,25,5,5,3,0,0,0,0,0,0,0,0,0,0,0,0,0
Asante_Twi,SSS/SHS,Savelugu Municipal,Urban,Male,0,0,25,24,4,10,3,2,1,0,0,0,0,0,0,0,0,0,0,0
Asante_Twi,Secondary,Savelugu Municipal,Rural,Female,0,0,0,0,0,0,0,0,0,0,0,0,0,0,0,0,0,0,0,0
Asante_Twi,Secondary,Savelugu Municipal,Rural,Male,0,0,0,0,0,0,0,0,0,0,0,0,0,0,0,0,0,0,0,0
Asante_Twi,Secondary,Savelugu Municipal,Urban,Female,0,0,0,0,0,1,0,0,0,0,1,0,0,0,0,0,0,0,0,0
Asante_Twi,Secondary,Savelugu Municipal,Urban,Male,0,0,0,0,0,0,1,0,0,0,0,0,0,0,0,0,0,0,0,0
Asante_Twi,Voc/technical/commercial,Savelugu Municipal,Rural,Female,0,0,0,0,0,0,0,0,0,0,0,0,0,0,0,0,0,0,0,0
Asante_Twi,Voc/technical/commercial,Savelugu Municipal,Rural,Male,0,0,0,0,0,0,0,0,0,0,0,0,0,0,0,0,0,0,0,0
Asante_Twi,Voc/technical/commercial,Savelugu Municipal,Urban,Female,0,0,0,0,0,1,0,0,0,0,0,0,0,0,0,0,0,0,0,0
Asante_Twi,Voc/technical/commercial,Savelugu Municipal,Urban,Male,0,0,0,0,0,0,0,0,0,0,0,0,0,0,0,0,0,0,0,0
Asante_Twi,Post middle/secondary Certificate,Savelugu Municipal,Rural,Female,0,0,0,0,0,0,0,0,0,0,0,0,0,0,0,0,0,0,0,0
Asante_Twi,Post middle/secondary Certificate,Savelugu Municipal,Rural,Male,0,0,0,0,0,0,0,0,0,0,0,0,0,0,0,0,0,0,0,0
Asante_Twi,Post middle/secondary Certificate,Savelugu Municipal,Urban,Female,0,0,1,0,2,2,0,0,0,0,0,0,0,0,0,0,0,0,0,0
Asante_Twi,Post middle/secondary Certificate,Savelugu Municipal,Urban,Male,0,0,0,0,1,0,0,0,0,0,0,0,0,0,0,0,0,0,0,0
Asante_Twi,Post middle/secondary Diploma,Savelugu Municipal,Rural,Female,0,0,0,1,1,0,0,0,0,0,0,0,0,0,0,0,0,0,0,0
Asante_Twi,Post middle/secondary Diploma,Savelugu Municipal,Rural,Male,0,0,0,0,2,0,0,0,0,0,0,0,0,0,0,0,0,0,0,0
Asante_Twi,Post middle/secondary Diploma,Savelugu Municipal,Urban,Female,0,0,0,1,2,4,1,0,0,0,0,0,0,0,1,0,0,0,0,0
Asante_Twi,Post middle/secondary Diploma,Savelugu Municipal,Urban,Male,0,0,0,1,2,4,1,0,0,0,0,0,1,0,0,0,0,0,0,0
Asante_Twi,Tertiary/HND,Savelugu Municipal,Rural,Female,0,0,0,0,0,0,0,0,0,0,0,0,0,0,0,0,0,0,0,0
Asante_Twi,Tertiary/HND,Savelugu Municipal,Rural,Male,0,0,0,0,0,0,0,0,0,0,0,0,0,0,0,0,0,0,0,0
Asante_Twi,Tertiary/HND,Savelugu Municipal,Urban,Female,0,0,0,0,3,1,0,1,0,0,0,0,0,0,0,0,0,0,0,0
Asante_Twi,Tertiary/HND,Savelugu Municipal,Urban,Male,0,0,0,0,3,2,2,1,0,0,0,0,0,0,0,0,0,0,0,0
Asante_Twi,Tertiary - Bachelor's Degree,Savelugu Municipal,Rural,Female,0,0,0,1,0,0,0,0,0,0,0,0,0,0,0,0,0,0,0,0
Asante_Twi,Tertiary - Bachelor's Degree,Savelugu Municipal,Rural,Male,0,0,0,0,1,0,0,0,1,0,0,0,0,0,0,0,0,0,0,0
Asante_Twi,Tertiary - Bachelor's Degree,Savelugu Municipal,Urban,Female,0,0,0,2,5,4,2,1,0,1,1,0,0,0,0,0,0,0,0,0
Asante_Twi,Tertiary - Bachelor's Degree,Savelugu Municipal,Urban,Male,0,0,1,3,7,15,6,6,2,0,2,0,0,0,0,0,0,0,0,0
Asante_Twi,Tertiary - Post graduate Certificate/Diploma,Savelugu Municipal,Rural,Female,0,0,0,0,1,0,1,0,0,0,0,0,0,0,0,0,0,0,0,0
Asante_Twi,Tertiary - Post graduate Certificate/Diploma,Savelugu Municipal,Rural,Male,0,0,0,0,1,0,0,0,0,0,0,0,0,0,0,0,0,0,0,0
Asante_Twi,Tertiary - Post graduate Certificate/Diploma,Savelugu Municipal,Urban,Female,0,0,0,26,22,2,0,0,0,0,0,0,0,0,0,0,0,0,0,0
Asante_Twi,Tertiary - Post graduate Certificate/Diploma,Savelugu Municipal,Urban,Male,0,0,0,69,38,11,2,2,0,0,1,1,1,0,0,0,0,0,0,0
Asante_Twi,Tertiary - Master's Degree,Savelugu Municipal,Rural,Female,0,0,0,0,0,0,0,0,0,0,0,0,0,0,0,0,0,0,0,0
Asante_Twi,Tertiary - Master's Degree,Savelugu Municipal,Rural,Male,0,0,0,0,0,0,0,0,0,0,0,0,0,1,0,0,0,0,0,0
Asante_Twi,Tertiary - Master's Degree,Savelugu Municipal,Urban,Female,0,0,0,0,1,0,1,0,0,0,1,0,0,0,0,0,0,0,0,0
Asante_Twi,Tertiary - Master's Degree,Savelugu Municipal,Urban,Male,0,0,0,1,3,2,1,2,2,0,0,1,1,0,0,0,0,0,0,0
Asante_Twi,Tertiary - PhD,Savelugu Municipal,Rural,Female,0,0,0,0,0,0,0,0,0,0,0,0,0,0,0,0,0,0,0,0
Asante_Twi,Tertiary - PhD,Savelugu Municipal,Rural,Male,0,0,0,0,0,0,0,0,0,0,0,0,0,0,0,0,0,0,0,0
Asante_Twi,Tertiary - PhD,Savelugu Municipal,Urban,Female,0,0,0,0,0,0,0,0,0,0,0,0,0,0,0,0,0,0,0,0
Asante_Twi,Tertiary - PhD,Savelugu Municipal,Urban,Male,0,0,0,0,0,0,0,1,0,0,0,1,0,0,0,0,0,0,0,0
Asante_Twi,Other (specify),Savelugu Municipal,Rural,Female,0,0,0,0,0,0,0,0,0,0,0,0,0,0,0,0,0,0,0,0
Asante_Twi,Other (specify),Savelugu Municipal,Rural,Male,0,0,0,0,0,0,0,0,0,0,0,0,0,0,0,0,0,0,0,0
Asante_Twi,Other (specify),Savelugu Municipal,Urban,Female,0,0,0,0,0,0,0,0,0,0,0,0,0,0,0,0,0,0,0,0
Asante_Twi,Other (specify),Savelugu Municipal,Urban,Male,0,0,0,0,0,1,0,0,0,0,0,0,0,0,0,0,0,0,0,0
Fante,Never attended,Savelugu Municipal,Rural,Female,0,0,0,0,0,0,0,0,0,0,0,0,0,0,0,0,0,0,0,0
Fante,Never attended,Savelugu Municipal,Rural,Male,0,0,0,0,0,0,0,0,0,0,0,0,0,0,0,0,0,0,0,0
Fante,Never attended,Savelugu Municipal,Urban,Female,0,0,0,0,0,0,0,0,0,0,0,0,0,0,0,0,0,0,0,0
Fante,Never attended,Savelugu Municipal,Urban,Male,0,0,0,0,0,0,0,0,0,0,0,0,0,0,0,0,0,0,0,0
Fante,Nursery,Savelugu Municipal,Rural,Female,0,0,0,0,0,0,0,0,0,0,0,0,0,0,0,0,0,0,0,0
Fante,Nursery,Savelugu Municipal,Rural,Male,0,0,0,0,0,0,0,0,0,0,0,0,0,0,0,0,0,0,0,0
Fante,Nursery,Savelugu Municipal,Urban,Female,0,0,0,0,0,0,0,0,0,0,0,0,0,0,0,0,0,0,0,0
Fante,Nursery,Savelugu Municipal,Urban,Male,0,0,0,0,0,0,0,0,0,0,0,0,0,0,0,0,0,0,0,0
Fante,Kindergarten,Savelugu Municipal,Rural,Female,0,0,0,0,0,0,0,0,0,0,0,0,0,0,0,0,0,0,0,0
Fante,Kindergarten,Savelugu Municipal,Rural,Male,0,0,0,0,0,0,0,0,0,0,0,0,0,0,0,0,0,0,0,0
Fante,Kindergarten,Savelugu Municipal,Urban,Female,0,0,0,0,0,0,0,0,0,0,0,0,0,0,0,0,0,0,0,0
Fante,Kindergarten,Savelugu Municipal,Urban,Male,0,0,0,0,0,0,0,0,0,0,0,0,0,0,0,0,0,0,0,0
Fante,Primary,Savelugu Municipal,Rural,Female,0,0,0,0,0,0,0,0,0,0,0,0,0,0,0,0,0,0,0,0
Fante,Primary,Savelugu Municipal,Rural,Male,0,0,0,0,0,0,0,0,0,0,0,0,0,0,0,0,0,0,0,0
Fante,Primary,Savelugu Municipal,Urban,Female,3,1,0,0,0,0,0,0,0,0,0,0,0,0,0,0,0,0,0,0
Fante,Primary,Savelugu Municipal,Urban,Male,0,0,0,0,0,0,0,0,0,0,0,0,0,0,0,0,0,0,0,0
Fante,JSS/JHS,Savelugu Municipal,Rural,Female,0,0,0,0,0,0,0,0,0,0,0,0,0,0,0,0,0,0,0,0
Fante,JSS/JHS,Savelugu Municipal,Rural,Male,0,0,0,0,0,1,0,0,0,0,0,0,0,0,0,0,0,0,0,0
Fante,JSS/JHS,Savelugu Municipal,Urban,Female,0,0,0,0,0,0,0,0,0,0,0,0,0,0,0,0,0,0,0,0
Fante,JSS/JHS,Savelugu Municipal,Urban,Male,0,0,0,1,0,0,0,0,0,0,0,0,0,0,0,0,0,0,0,0
Fante,Middle,Savelugu Municipal,Rural,Female,0,0,0,0,0,0,0,0,0,0,0,0,0,0,0,0,0,0,0,0
Fante,Middle,Savelugu Municipal,Rural,Male,0,0,0,0,0,0,0,0,0,0,0,0,0,0,0,0,0,0,0,0
Fante,Middle,Savelugu Municipal,Urban,Female,0,0,0,0,0,0,0,0,0,0,0,0,0,0,0,0,0,0,0,0
Fante,Middle,Savelugu Municipal,Urban,Male,0,0,0,0,0,0,0,0,0,0,1,0,0,0,0,0,0,0,0,0
Fante,SSS/SHS,Savelugu Municipal,Rural,Female,0,0,0,0,1,0,0,0,0,0,0,0,0,0,0,0,0,0,0,0
Fante,SSS/SHS,Savelugu Municipal,Rural,Male,0,0,0,0,0,0,0,0,0,0,0,0,0,0,0,0,0,0,0,0
Fante,SSS/SHS,Savelugu Municipal,Urban,Female,0,0,3,3,3,0,0,0,0,0,0,0,0,0,0,0,0,0,0,0
Fante,SSS/SHS,Savelugu Municipal,Urban,Male,0,0,0,0,2,0,0,1,0,0,0,0,0,0,0,0,0,0,0,0
Fante,Secondary,Savelugu Municipal,Rural,Female,0,0,0,0,0,0,0,0,0,0,0,0,0,0,0,0,0,0,0,0
Fante,Secondary,Savelugu Municipal,Rural,Male,0,0,0,0,0,0,0,0,0,0,0,0,0,0,0,0,0,0,0,0
Fante,Secondary,Savelugu Municipal,Urban,Female,0,0,0,0,0,0,0,0,0,0,0,0,0,0,0,0,0,0,0,0
Fante,Secondary,Savelugu Municipal,Urban,Male,0,0,0,0,0,0,0,0,0,0,0,0,0,0,0,0,0,0,0,0
Fante,Voc/technical/commercial,Savelugu Municipal,Rural,Female,0,0,0,0,0,0,0,0,0,0,0,0,0,0,0,0,0,0,0,0
Fante,Voc/technical/commercial,Savelugu Municipal,Rural,Male,0,0,0,0,0,0,0,0,0,0,0,0,0,0,0,0,0,0,0,0
Fante,Voc/technical/commercial,Savelugu Municipal,Urban,Female,0,0,0,0,0,0,0,0,0,0,0,0,0,0,0,0,0,0,0,0
Fante,Voc/technical/commercial,Savelugu Municipal,Urban,Male,0,0,0,0,0,0,0,0,0,0,0,0,0,0,0,0,0,0,0,0
Fante,Post middle/secondary Certificate,Savelugu Municipal,Rural,Female,0,0,0,0,0,0,0,0,0,0,0,0,0,0,0,0,0,0,0,0
Fante,Post middle/secondary Certificate,Savelugu Municipal,Rural,Male,0,0,0,0,0,0,0,0,0,0,0,0,0,0,0,0,0,0,0,0
Fante,Post middle/secondary Certificate,Savelugu Municipal,Urban,Female,0,0,0,0,0,0,0,0,0,0,0,0,0,0,0,0,0,0,0,0
Fante,Post middle/secondary Certificate,Savelugu Municipal,Urban,Male,0,0,0,1,0,0,0,0,0,0,0,0,0,0,0,0,0,0,0,0
Fante,Post middle/secondary Diploma,Savelugu Municipal,Rural,Female,0,0,0,0,0,0,0,0,0,0,0,0,0,0,0,0,0,0,0,0
Fante,Post middle/secondary Diploma,Savelugu Municipal,Rural,Male,0,0,0,0,0,0,0,0,0,0,0,0,0,0,0,0,0,0,0,0
Fante,Post middle/secondary Diploma,Savelugu Municipal,Urban,Female,0,0,0,0,1,1,0,0,0,0,0,0,0,0,0,0,0,0,0,0
Fante,Post middle/secondary Diploma,Savelugu Municipal,Urban,Male,0,0,0,2,0,0,0,0,0,0,0,0,0,0,0,0,0,0,0,0
Fante,Tertiary/HND,Savelugu Municipal,Rural,Female,0,0,0,0,0,0,0,0,0,0,0,0,0,0,0,0,0,0,0,0
Fante,Tertiary/HND,Savelugu Municipal,Rural,Male,0,0,0,0,0,0,0,0,0,0,0,0,0,0,0,0,0,0,0,0
Fante,Tertiary/HND,Savelugu Municipal,Urban,Female,0,0,0,0,1,0,1,0,0,0,0,0,0,0,0,0,0,0,0,0
Fante,Tertiary/HND,Savelugu Municipal,Urban,Male,0,0,0,0,0,2,0,1,0,0,0,0,0,0,0,0,0,0,0,0
Fante,Tertiary - Bachelor's Degree,Savelugu Municipal,Rural,Female,0,0,0,0,0,0,0,0,0,0,0,0,0,0,0,0,0,0,0,0
Fante,Tertiary - Bachelor's Degree,Savelugu Municipal,Rural,Male,0,0,0,0,0,0,0,0,1,0,0,0,0,0,0,0,0,0,0,0
Fante,Tertiary - Bachelor's Degree,Savelugu Municipal,Urban,Female,0,0,0,0,2,0,0,0,0,1,0,0,0,0,0,0,0,0,0,0
Fante,Tertiary - Bachelor's Degree,Savelugu Municipal,Urban,Male,0,0,0,0,2,2,1,2,0,0,1,0,0,0,0,0,0,0,0,0
Fante,Tertiary - Post graduate Certificate/Diploma,Savelugu Municipal,Rural,Female,0,0,0,0,1,0,0,0,0,0,0,0,0,0,0,0,0,0,0,0
Fante,Tertiary - Post graduate Certificate/Diploma,Savelugu Municipal,Rural,Male,0,0,0,0,0,0,0,0,0,0,0,0,0,0,0,0,0,0,0,0
Fante,Tertiary - Post graduate Certificate/Diploma,Savelugu Municipal,Urban,Female,0,0,0,2,2,1,0,0,0,0,0,0,0,0,0,0,0,0,0,0
Fante,Tertiary - Post graduate Certificate/Diploma,Savelugu Municipal,Urban,Male,0,0,0,8,0,4,0,0,0,0,0,0,0,0,0,0,0,0,0,0
Fante,Tertiary - Master's Degree,Savelugu Municipal,Rural,Female,0,0,0,0,0,0,0,0,0,0,0,0,0,0,0,0,0,0,0,0
Fante,Tertiary - Master's Degree,Savelugu Municipal,Rural,Male,0,0,0,0,0,0,0,0,0,0,0,0,0,0,0,0,0,0,0,0
Fante,Tertiary - Master's Degree,Savelugu Municipal,Urban,Female,0,0,0,0,0,0,0,0,0,0,0,0,0,0,0,0,0,0,0,0
Fante,Tertiary - Master's Degree,Savelugu Municipal,Urban,Male,0,0,0,1,1,3,0,0,0,0,0,0,0,0,0,0,0,0,0,0
Fante,Tertiary - PhD,Savelugu Municipal,Rural,Female,0,0,0,0,0,0,0,0,0,0,0,0,0,0,0,0,0,0,0,0
Fante,Tertiary - PhD,Savelugu Municipal,Rural,Male,0,0,0,0,0,0,0,0,0,0,0,0,0,0,0,0,0,0,0,0
Fante,Tertiary - PhD,Savelugu Municipal,Urban,Female,0,0,0,0,0,0,0,0,0,0,0,0,0,0,0,0,0,0,0,0
Fante,Tertiary - PhD,Savelugu Municipal,Urban,Male,0,0,0,0,0,0,0,0,0,0,0,0,0,0,1,0,0,0,0,0
Fante,Other (specify),Savelugu Municipal,Rural,Female,0,0,0,0,0,0,0,0,0,0,0,0,0,0,0,0,0,0,0,0
Fante,Other (specify),Savelugu Municipal,Rural,Male,0,0,0,0,0,0,0,0,0,0,0,0,0,0,0,0,0,0,0,0
Fante,Other (specify),Savelugu Municipal,Urban,Female,0,0,0,0,0,0,0,0,0,0,0,0,0,0,0,0,0,0,0,0
Fante,Other (specify),Savelugu Municipal,Urban,Male,0,0,0,0,0,1,0,0,0,0,0,0,0,0,0,0,0,0,0,0
Nzema,Never attended,Savelugu Municipal,Rural,Female,0,0,0,0,0,0,0,0,0,0,0,0,0,0,0,0,0,0,0,0
Nzema,Never attended,Savelugu Municipal,Rural,Male,0,0,0,0,0,0,0,0,0,0,0,0,0,0,0,0,0,0,0,0
Nzema,Never attended,Savelugu Municipal,Urban,Female,0,0,0,0,0,0,0,0,0,0,0,0,0,0,0,0,0,0,0,0
Nzema,Never attended,Savelugu Municipal,Urban,Male,0,0,0,0,0,0,0,0,0,0,0,0,0,0,0,0,0,0,0,0
Nzema,Nursery,Savelugu Municipal,Rural,Female,0,0,0,0,0,0,0,0,0,0,0,0,0,0,0,0,0,0,0,0
Nzema,Nursery,Savelugu Municipal,Rural,Male,0,0,0,0,0,0,0,0,0,0,0,0,0,0,0,0,0,0,0,0
Nzema,Nursery,Savelugu Municipal,Urban,Female,0,0,0,0,0,0,0,0,0,0,0,0,0,0,0,0,0,0,0,0
Nzema,Nursery,Savelugu Municipal,Urban,Male,0,0,0,0,0,0,0,0,0,0,0,0,0,0,0,0,0,0,0,0
Nzema,Kindergarten,Savelugu Municipal,Rural,Female,0,0,0,0,0,0,0,0,0,0,0,0,0,0,0,0,0,0,0,0
Nzema,Kindergarten,Savelugu Municipal,Rural,Male,0,0,0,0,0,0,0,0,0,0,0,0,0,0,0,0,0,0,0,0
Nzema,Kindergarten,Savelugu Municipal,Urban,Female,0,0,0,0,0,0,0,0,0,0,0,0,0,0,0,0,0,0,0,0
Nzema,Kindergarten,Savelugu Municipal,Urban,Male,0,0,0,0,0,0,0,0,0,0,0,0,0,0,0,0,0,0,0,0
Nzema,Primary,Savelugu Municipal,Rural,Female,0,0,0,0,0,0,0,0,0,0,0,0,0,0,0,0,0,0,0,0
Nzema,Primary,Savelugu Municipal,Rural,Male,0,0,0,0,0,0,0,0,0,0,0,0,0,0,0,0,0,0,0,0
Nzema,Primary,Savelugu Municipal,Urban,Female,0,0,0,0,0,0,0,0,0,0,0,0,0,0,0,0,0,0,0,0
Nzema,Primary,Savelugu Municipal,Urban,Male,1,0,0,0,0,0,0,0,0,0,0,0,0,0,0,0,0,0,0,0
Nzema,JSS/JHS,Savelugu Municipal,Rural,Female,0,0,0,0,0,0,0,0,0,0,0,0,0,0,0,0,0,0,0,0
Nzema,JSS/JHS,Savelugu Municipal,Rural,Male,0,0,0,0,0,0,0,0,0,0,0,0,0,0,0,0,0,0,0,0
Nzema,JSS/JHS,Savelugu Municipal,Urban,Female,0,0,0,0,0,0,0,0,0,0,0,0,0,0,0,0,0,0,0,0
Nzema,JSS/JHS,Savelugu Municipal,Urban,Male,0,0,0,0,0,0,0,0,0,0,0,0,0,0,0,0,0,0,0,0
Nzema,Middle,Savelugu Municipal,Rural,Female,0,0,0,0,0,0,0,0,0,0,0,0,0,0,0,0,0,0,0,0
Nzema,Middle,Savelugu Municipal,Rural,Male,0,0,0,0,0,0,0,0,0,0,0,0,0,0,0,0,0,0,0,0
Nzema,Middle,Savelugu Municipal,Urban,Female,0,0,0,0,0,0,0,0,0,0,0,0,0,0,0,0,0,0,0,0
Nzema,Middle,Savelugu Municipal,Urban,Male,0,0,0,0,0,0,0,0,0,0,0,0,0,0,0,0,1,0,0,0
Nzema,SSS/SHS,Savelugu Municipal,Rural,Female,0,0,0,0,0,0,0,0,0,0,0,0,0,0,0,0,0,0,0,0
Nzema,SSS/SHS,Savelugu Municipal,Rural,Male,0,0,0,0,0,0,0,0,0,0,0,0,0,0,0,0,0,0,0,0
Nzema,SSS/SHS,Savelugu Municipal,Urban,Female,0,0,0,2,0,0,0,0,0,0,0,0,0,0,0,0,0,0,0,0
Nzema,SSS/SHS,Savelugu Municipal,Urban,Male,0,0,0,0,0,0,0,0,0,0,0,0,0,0,0,0,0,0,0,0
Nzema,Secondary,Savelugu Municipal,Rural,Female,0,0,0,0,0,0,0,0,0,0,0,0,0,0,0,0,0,0,0,0
Nzema,Secondary,Savelugu Municipal,Rural,Male,0,0,0,0,0,0,0,0,0,0,0,0,0,0,0,0,0,0,0,0
Nzema,Secondary,Savelugu Municipal,Urban,Female,0,0,0,0,0,0,0,0,0,0,0,0,0,0,0,0,0,0,0,0
Nzema,Secondary,Savelugu Municipal,Urban,Male,0,0,0,0,0,0,0,0,0,0,0,0,0,0,0,0,0,0,0,0
Nzema,Voc/technical/commercial,Savelugu Municipal,Rural,Female,0,0,0,0,0,0,0,0,0,0,0,0,0,0,0,0,0,0,0,0
Nzema,Voc/technical/commercial,Savelugu Municipal,Rural,Male,0,0,0,0,0,0,0,0,0,0,0,0,0,0,0,0,0,0,0,0
Nzema,Voc/technical/commercial,Savelugu Municipal,Urban,Female,0,0,0,0,0,0,0,0,0,0,0,0,0,0,0,0,0,0,0,0
Nzema,Voc/technical/commercial,Savelugu Municipal,Urban,Male,0,0,0,0,0,0,0,0,0,0,0,0,0,0,0,0,0,0,0,0
Nzema,Post middle/secondary Certificate,Savelugu Municipal,Rural,Female,0,0,0,0,0,0,0,0,0,0,0,0,0,0,0,0,0,0,0,0
Nzema,Post middle/secondary Certificate,Savelugu Municipal,Rural,Male,0,0,0,0,0,0,0,0,0,0,0,0,0,0,0,0,0,0,0,0
Nzema,Post middle/secondary Certificate,Savelugu Municipal,Urban,Female,0,0,0,0,0,0,0,0,0,0,0,0,0,0,0,0,0,0,0,0
Nzema,Post middle/secondary Certificate,Savelugu Municipal,Urban,Male,0,0,0,0,0,0,0,0,0,0,0,0,0,0,0,0,0,0,0,0
Nzema,Post middle/secondary Diploma,Savelugu Municipal,Rural,Female,0,0,0,0,0,0,0,0,0,0,0,0,0,0,0,0,0,0,0,0
Nzema,Post middle/secondary Diploma,Savelugu Municipal,Rural,Male,0,0,0,0,0,0,0,0,0,0,0,0,0,0,0,0,0,0,0,0
Nzema,Post middle/secondary Diploma,Savelugu Municipal,Urban,Female,0,0,0,0,0,1,0,0,0,0,0,0,0,0,0,0,0,0,0,0
Nzema,Post middle/secondary Diploma,Savelugu Municipal,Urban,Male,0,0,0,0,0,0,0,0,0,0,0,0,0,0,0,0,0,0,0,0
Nzema,Tertiary/HND,Savelugu Municipal,Rural,Female,0,0,0,0,0,0,0,0,0,0,0,0,0,0,0,0,0,0,0,0
Nzema,Tertiary/HND,Savelugu Municipal,Rural,Male,0,0,0,0,0,0,0,0,0,0,0,0,0,0,0,0,0,0,0,0
Nzema,Tertiary/HND,Savelugu Municipal,Urban,Female,0,0,0,0,0,0,0,0,0,0,0,0,0,0,0,0,0,0,0,0
Nzema,Tertiary/HND,Savelugu Municipal,Urban,Male,0,0,0,0,0,0,0,0,0,0,0,0,0,0,0,0,0,0,0,0
Nzema,Tertiary - Bachelor's Degree,Savelugu Municipal,Rural,Female,0,0,0,0,0,0,0,0,0,0,0,0,0,0,0,0,0,0,0,0
Nzema,Tertiary - Bachelor's Degree,Savelugu Municipal,Rural,Male,0,0,0,0,0,0,0,0,0,0,0,0,0,0,0,0,0,0,0,0
Nzema,Tertiary - Bachelor's Degree,Savelugu Municipal,Urban,Female,0,0,0,0,0,0,0,0,0,0,0,0,0,0,0,0,0,0,0,0
Nzema,Tertiary - Bachelor's Degree,Savelugu Municipal,Urban,Male,0,0,0,0,0,2,0,0,0,0,0,0,0,0,0,0,0,0,0,0
Nzema,Tertiary - Post graduate Certificate/Diploma,Savelugu Municipal,Rural,Female,0,0,0,0,0,0,0,0,0,0,0,0,0,0,0,0,0,0,0,0
Nzema,Tertiary - Post graduate Certificate/Diploma,Savelugu Municipal,Rural,Male,0,0,0,0,0,0,0,0,0,0,0,0,0,0,0,0,0,0,0,0
Nzema,Tertiary - Post graduate Certificate/Diploma,Savelugu Municipal,Urban,Female,0,0,0,0,0,0,0,0,0,0,0,0,0,0,0,0,0,0,0,0
Nzema,Tertiary - Post graduate Certificate/Diploma,Savelugu Municipal,Urban,Male,0,0,0,1,0,0,0,0,0,0,0,0,0,0,0,0,0,0,0,0
Nzema,Tertiary - Master's Degree,Savelugu Municipal,Rural,Female,0,0,0,0,0,0,0,0,0,0,0,0,0,0,0,0,0,0,0,0
Nzema,Tertiary - Master's Degree,Savelugu Municipal,Rural,Male,0,0,0,0,0,0,0,0,0,0,0,0,0,0,0,0,0,0,0,0
Nzema,Tertiary - Master's Degree,Savelugu Municipal,Urban,Female,0,0,0,0,0,0,0,0,0,0,0,0,0,0,0,0,0,0,0,0
Nzema,Tertiary - Master's Degree,Savelugu Municipal,Urban,Male,0,0,0,0,0,0,0,0,0,0,0,0,0,0,0,0,0,0,0,0
Nzema,Tertiary - PhD,Savelugu Municipal,Rural,Female,0,0,0,0,0,0,0,0,0,0,0,0,0,0,0,0,0,0,0,0
Nzema,Tertiary - PhD,Savelugu Municipal,Rural,Male,0,0,0,0,0,0,0,0,0,0,0,0,0,0,0,0,0,0,0,0
Nzema,Tertiary - PhD,Savelugu Municipal,Urban,Female,0,0,0,0,0,0,0,0,0,0,0,0,0,0,0,0,0,0,0,0
Nzema,Tertiary - PhD,Savelugu Municipal,Urban,Male,0,0,0,0,0,0,0,0,0,0,0,0,0,0,0,0,0,0,0,0
Nzema,Other (specify),Savelugu Municipal,Rural,Female,0,0,0,0,0,0,0,0,0,0,0,0,0,0,0,0,0,0,0,0
Nzema,Other (specify),Savelugu Municipal,Rural,Male,0,0,0,0,0,0,0,0,0,0,0,0,0,0,0,0,0,0,0,0
Nzema,Other (specify),Savelugu Municipal,Urban,Female,0,0,0,0,0,0,0,0,0,0,0,0,0,0,0,0,0,0,0,0
Nzema,Other (specify),Savelugu Municipal,Urban,Male,0,0,0,0,0,0,0,0,0,0,0,0,0,0,0,0,0,0,0,0
Ga,Never attended,Savelugu Municipal,Rural,Female,0,0,0,0,0,0,0,0,0,0,0,0,0,0,0,0,0,0,0,0
Ga,Never attended,Savelugu Municipal,Rural,Male,0,0,0,0,0,0,0,0,0,0,0,0,0,0,0,0,0,0,0,0
Ga,Never attended,Savelugu Municipal,Urban,Female,0,0,0,0,0,0,0,0,0,0,0,0,0,0,0,0,0,0,0,0
Ga,Never attended,Savelugu Municipal,Urban,Male,0,0,0,0,0,0,0,0,0,0,0,0,0,0,0,0,0,0,0,0
Ga,Nursery,Savelugu Municipal,Rural,Female,0,0,0,0,0,0,0,0,0,0,0,0,0,0,0,0,0,0,0,0
Ga,Nursery,Savelugu Municipal,Rural,Male,0,0,0,0,0,0,0,0,0,0,0,0,0,0,0,0,0,0,0,0
Ga,Nursery,Savelugu Municipal,Urban,Female,0,0,0,0,0,0,0,0,0,0,0,0,0,0,0,0,0,0,0,0
Ga,Nursery,Savelugu Municipal,Urban,Male,0,0,0,0,0,0,0,0,0,0,0,0,0,0,0,0,0,0,0,0
Ga,Kindergarten,Savelugu Municipal,Rural,Female,0,0,0,0,0,0,0,0,0,0,0,0,0,0,0,0,0,0,0,0
Ga,Kindergarten,Savelugu Municipal,Rural,Male,0,0,0,0,0,0,0,0,0,0,0,0,0,0,0,0,0,0,0,0
Ga,Kindergarten,Savelugu Municipal,Urban,Female,0,0,0,0,0,0,0,0,0,0,0,0,0,0,0,0,0,0,0,0
Ga,Kindergarten,Savelugu Municipal,Urban,Male,0,0,0,0,0,0,0,0,0,0,0,0,0,0,0,0,0,0,0,0
Ga,Primary,Savelugu Municipal,Rural,Female,0,0,0,0,0,0,0,0,0,0,0,0,0,0,0,0,0,0,0,0
Ga,Primary,Savelugu Municipal,Rural,Male,0,0,0,0,0,0,0,0,0,0,0,0,0,0,0,0,0,0,0,0
Ga,Primary,Savelugu Municipal,Urban,Female,0,0,0,0,0,0,0,0,0,0,0,0,0,0,0,0,0,0,0,0
Ga,Primary,Savelugu Municipal,Urban,Male,1,0,0,0,0,0,0,0,0,0,0,0,0,0,0,0,0,0,0,0
Ga,JSS/JHS,Savelugu Municipal,Rural,Female,0,0,0,0,0,0,0,0,0,0,0,0,0,0,0,0,0,0,0,0
Ga,JSS/JHS,Savelugu Municipal,Rural,Male,0,0,0,0,0,0,0,0,0,0,0,0,0,0,0,0,0,0,0,0
Ga,JSS/JHS,Savelugu Municipal,Urban,Female,0,0,0,0,0,0,0,0,0,0,0,0,0,0,0,0,0,0,0,0
Ga,JSS/JHS,Savelugu Municipal,Urban,Male,0,0,0,0,0,0,0,0,0,0,0,0,0,0,0,0,0,0,0,0
Ga,Middle,Savelugu Municipal,Rural,Female,0,0,0,0,0,0,0,0,0,0,0,0,0,0,0,0,0,0,0,0
Ga,Middle,Savelugu Municipal,Rural,Male,0,0,0,0,0,0,0,0,0,0,0,0,0,0,0,0,0,0,0,0
Ga,Middle,Savelugu Municipal,Urban,Female,0,0,0,0,0,0,0,0,0,0,0,0,0,0,0,0,0,0,0,0
Ga,Middle,Savelugu Municipal,Urban,Male,0,0,0,0,0,0,0,0,0,0,0,0,0,0,0,0,0,0,0,0
Ga,SSS/SHS,Savelugu Municipal,Rural,Female,0,0,0,0,0,0,0,0,0,0,0,0,0,0,0,0,0,0,0,0
Ga,SSS/SHS,Savelugu Municipal,Rural,Male,0,0,0,0,0,1,0,0,0,0,0,0,0,0,0,0,0,0,0,0
Ga,SSS/SHS,Savelugu Municipal,Urban,Female,0,0,1,1,1,0,0,0,0,0,0,0,0,0,0,0,0,0,0,0
Ga,SSS/SHS,Savelugu Municipal,Urban,Male,0,0,3,0,0,0,1,0,0,0,0,0,0,0,0,0,0,0,0,0
Ga,Secondary,Savelugu Municipal,Rural,Female,0,0,0,0,0,0,0,0,0,0,0,0,0,0,0,0,0,0,0,0
Ga,Secondary,Savelugu Municipal,Rural,Male,0,0,0,0,0,0,0,0,0,0,0,0,0,0,0,0,0,0,0,0
Ga,Secondary,Savelugu Municipal,Urban,Female,0,0,0,0,0,0,0,0,0,0,0,0,0,0,0,0,0,0,0,0
Ga,Secondary,Savelugu Municipal,Urban,Male,0,0,0,0,0,0,0,0,0,0,0,0,0,0,0,0,0,0,0,0
Ga,Voc/technical/commercial,Savelugu Municipal,Rural,Female,0,0,0,0,0,0,0,0,0,0,0,0,0,0,0,0,0,0,0,0
Ga,Voc/technical/commercial,Savelugu Municipal,Rural,Male,0,0,0,0,0,1,0,0,0,0,0,0,0,0,0,0,0,0,0,0
Ga,Voc/technical/commercial,Savelugu Municipal,Urban,Female,0,0,0,0,0,0,0,0,0,0,0,0,0,0,0,0,0,0,0,0
Ga,Voc/technical/commercial,Savelugu Municipal,Urban,Male,0,0,0,0,0,0,0,0,0,0,0,1,0,0,0,0,0,0,0,0
Ga,Post middle/secondary Certificate,Savelugu Municipal,Rural,Female,0,0,0,0,0,0,0,0,0,0,0,0,0,0,0,0,0,0,0,0
Ga,Post middle/secondary Certificate,Savelugu Municipal,Rural,Male,0,0,0,0,0,0,0,0,0,0,0,0,0,0,0,0,0,0,0,0
Ga,Post middle/secondary Certificate,Savelugu Municipal,Urban,Female,0,0,0,0,0,0,0,0,0,0,0,0,0,0,0,0,0,0,0,0
Ga,Post middle/secondary Certificate,Savelugu Municipal,Urban,Male,0,0,0,0,0,0,0,0,0,0,0,0,0,0,0,0,0,0,0,0
Ga,Post middle/secondary Diploma,Savelugu Municipal,Rural,Female,0,0,0,0,0,0,0,0,0,0,0,0,0,0,0,0,0,0,0,0
Ga,Post middle/secondary Diploma,Savelugu Municipal,Rural,Male,0,0,0,0,0,0,0,0,0,0,0,0,0,0,0,0,0,0,0,0
Ga,Post middle/secondary Diploma,Savelugu Municipal,Urban,Female,0,0,0,0,0,1,0,0,0,0,1,0,0,0,0,0,0,0,0,0
Ga,Post middle/secondary Diploma,Savelugu Municipal,Urban,Male,0,0,0,0,0,0,0,0,0,0,0,0,1,0,0,0,0,0,0,0
Ga,Tertiary/HND,Savelugu Municipal,Rural,Female,0,0,0,0,0,0,0,0,0,0,0,0,0,0,0,0,0,0,0,0
Ga,Tertiary/HND,Savelugu Municipal,Rural,Male,0,0,0,0,0,0,0,0,0,0,0,0,0,0,0,0,0,0,0,0
Ga,Tertiary/HND,Savelugu Municipal,Urban,Female,0,0,0,0,1,0,0,0,0,0,0,0,0,0,0,0,0,0,0,0
Ga,Tertiary/HND,Savelugu Municipal,Urban,Male,0,0,0,0,0,1,0,0,0,0,0,0,0,0,0,0,0,0,0,0
Ga,Tertiary - Bachelor's Degree,Savelugu Municipal,Rural,Female,0,0,0,0,0,0,0,0,0,0,0,0,0,0,0,0,0,0,0,0
Ga,Tertiary - Bachelor's Degree,Savelugu Municipal,Rural,Male,0,0,0,0,0,0,0,0,1,0,0,0,0,0,0,0,0,0,0,0
Ga,Tertiary - Bachelor's Degree,Savelugu Municipal,Urban,Female,0,0,0,0,2,0,0,0,0,3,1,0,0,0,0,0,0,0,0,0
Ga,Tertiary - Bachelor's Degree,Savelugu Municipal,Urban,Male,0,0,0,0,0,5,2,4,0,0,0,0,0,0,0,0,0,0,0,0
Ga,Tertiary - Post graduate Certificate/Diploma,Savelugu Municipal,Rural,Female,0,0,0,0,0,0,0,0,0,0,0,0,0,0,0,0,0,0,0,0
Ga,Tertiary - Post graduate Certificate/Diploma,Savelugu Municipal,Rural,Male,0,0,0,0,0,0,0,0,0,0,0,0,0,0,0,0,0,0,0,0
Ga,Tertiary - Post graduate Certificate/Diploma,Savelugu Municipal,Urban,Female,0,0,0,3,2,1,0,0,0,0,0,0,0,0,0,0,0,0,0,0
Ga,Tertiary - Post graduate Certificate/Diploma,Savelugu Municipal,Urban,Male,0,0,0,6,0,1,0,1,0,0,0,0,0,0,0,0,0,0,0,0
Ga,Tertiary - Master's Degree,Savelugu Municipal,Rural,Female,0,0,0,0,0,0,0,0,0,0,0,0,0,0,0,0,0,0,0,0
Ga,Tertiary - Master's Degree,Savelugu Municipal,Rural,Male,0,0,0,0,0,0,0,0,0,0,0,0,0,0,0,0,0,0,0,0
Ga,Tertiary - Master's Degree,Savelugu Municipal,Urban,Female,0,0,0,0,0,0,0,0,0,0,0,0,0,0,0,0,0,0,0,0
Ga,Tertiary - Master's Degree,Savelugu Municipal,Urban,Male,0,0,0,0,3,0,0,0,0,0,0,0,0,0,0,0,0,0,0,0
Ga,Tertiary - PhD,Savelugu Municipal,Rural,Female,0,0,0,0,0,0,0,0,0,0,0,0,0,0,0,0,0,0,0,0
Ga,Tertiary - PhD,Savelugu Municipal,Rural,Male,0,0,0,0,0,0,0,0,0,0,0,0,0,0,0,0,0,0,0,0
Ga,Tertiary - PhD,Savelugu Municipal,Urban,Female,0,0,0,0,0,0,0,0,0,0,0,0,0,0,0,0,0,0,0,0
Ga,Tertiary - PhD,Savelugu Municipal,Urban,Male,0,0,0,0,0,0,0,1,0,0,0,0,0,0,0,0,0,0,0,0
Ga,Other (specify),Savelugu Municipal,Rural,Female,0,0,0,0,0,0,0,0,0,0,0,0,0,0,0,0,0,0,0,0
Ga,Other (specify),Savelugu Municipal,Rural,Male,0,0,0,0,0,0,0,0,0,0,0,0,0,0,0,0,0,0,0,0
Ga,Other (specify),Savelugu Municipal,Urban,Female,0,0,0,0,0,0,0,0,0,0,0,0,0,0,0,0,0,0,0,0
Ga,Other (specify),Savelugu Municipal,Urban,Male,0,0,0,0,0,0,0,0,0,0,0,0,0,0,0,0,0,0,0,0
Dangme,Never attended,Savelugu Municipal,Rural,Female,0,0,0,0,0,0,0,0,0,0,0,0,0,0,0,0,0,0,0,0
Dangme,Never attended,Savelugu Municipal,Rural,Male,0,0,0,0,0,0,0,0,0,0,0,0,0,0,0,0,0,0,0,0
Dangme,Never attended,Savelugu Municipal,Urban,Female,0,0,0,0,0,0,0,0,0,0,0,0,0,0,0,0,0,0,0,0
Dangme,Never attended,Savelugu Municipal,Urban,Male,0,0,0,0,0,0,0,0,0,0,0,0,0,0,0,0,0,0,0,0
Dangme,Nursery,Savelugu Municipal,Rural,Female,0,0,0,0,0,0,0,0,0,0,0,0,0,0,0,0,0,0,0,0
Dangme,Nursery,Savelugu Municipal,Rural,Male,0,0,0,0,0,0,0,0,0,0,0,0,0,0,0,0,0,0,0,0
Dangme,Nursery,Savelugu Municipal,Urban,Female,0,0,0,0,0,0,0,0,0,0,0,0,0,0,0,0,0,0,0,0
Dangme,Nursery,Savelugu Municipal,Urban,Male,0,0,0,0,0,0,0,0,0,0,0,0,0,0,0,0,0,0,0,0
Dangme,Kindergarten,Savelugu Municipal,Rural,Female,0,0,0,0,0,0,0,0,0,0,0,0,0,0,0,0,0,0,0,0
Dangme,Kindergarten,Savelugu Municipal,Rural,Male,0,0,0,0,0,0,0,0,0,0,0,0,0,0,0,0,0,0,0,0
Dangme,Kindergarten,Savelugu Municipal,Urban,Female,2,0,0,0,0,0,0,0,0,0,0,0,0,0,0,0,0,0,0,0
Dangme,Kindergarten,Savelugu Municipal,Urban,Male,3,0,0,0,0,0,0,0,0,0,0,0,0,0,0,0,0,0,0,0
Dangme,Primary,Savelugu Municipal,Rural,Female,0,0,0,0,0,0,0,0,0,0,0,0,0,0,0,0,0,0,0,0
Dangme,Primary,Savelugu Municipal,Rural,Male,0,0,0,0,0,0,0,0,0,0,0,0,0,0,0,0,0,0,0,0
Dangme,Primary,Savelugu Municipal,Urban,Female,9,4,0,0,0,0,0,0,0,0,0,0,0,0,0,0,0,0,0,0
Dangme,Primary,Savelugu Municipal,Urban,Male,7,3,0,1,0,0,0,0,0,0,0,0,0,0,0,0,0,0,0,0
Dangme,JSS/JHS,Savelugu Municipal,Rural,Female,0,0,0,0,0,0,0,0,0,0,0,0,0,0,0,0,0,0,0,0
Dangme,JSS/JHS,Savelugu Municipal,Rural,Male,0,0,0,0,0,0,0,0,0,1,0,0,0,0,0,0,0,0,0,0
Dangme,JSS/JHS,Savelugu Municipal,Urban,Female,0,1,3,1,0,0,0,0,0,0,0,0,0,0,0,0,0,0,0,0
Dangme,JSS/JHS,Savelugu Municipal,Urban,Male,0,0,11,1,1,0,0,1,0,0,0,0,0,0,0,0,0,0,0,0
Dangme,Middle,Savelugu Municipal,Rural,Female,0,0,0,0,0,0,0,0,0,0,0,0,0,0,0,0,0,0,0,0
Dangme,Middle,Savelugu Municipal,Rural,Male,0,0,0,0,0,0,0,0,0,0,0,0,0,0,0,0,0,0,0,0
Dangme,Middle,Savelugu Municipal,Urban,Female,0,0,0,0,0,0,0,0,0,0,0,0,0,0,0,0,0,0,0,0
Dangme,Middle,Savelugu Municipal,Urban,Male,0,0,0,0,0,0,0,0,0,0,0,0,0,0,0,0,0,0,0,0
Dangme,SSS/SHS,Savelugu Municipal,Rural,Female,0,0,0,0,0,0,0,0,0,0,0,0,0,0,0,0,0,0,0,0
Dangme,SSS/SHS,Savelugu Municipal,Rural,Male,0,0,1,0,0,0,0,0,0,0,0,0,0,0,0,0,0,0,0,0
Dangme,SSS/SHS,Savelugu Municipal,Urban,Female,0,0,2,1,2,0,0,0,0,0,0,0,0,0,0,0,0,0,0,0
Dangme,SSS/SHS,Savelugu Municipal,Urban,Male,0,0,2,3,0,0,0,0,0,0,0,0,0,0,0,0,0,0,0,0
Dangme,Secondary,Savelugu Municipal,Rural,Female,0,0,0,0,0,0,0,0,0,0,0,0,0,0,0,0,0,0,0,0
Dangme,Secondary,Savelugu Municipal,Rural,Male,0,0,0,0,0,0,0,0,0,0,0,0,0,0,0,0,0,0,0,0
Dangme,Secondary,Savelugu Municipal,Urban,Female,0,0,0,0,0,0,0,0,0,0,0,0,0,0,0,0,0,0,0,0
Dangme,Secondary,Savelugu Municipal,Urban,Male,0,0,0,0,0,0,0,0,0,0,0,0,0,0,0,0,0,0,0,0
Dangme,Voc/technical/commercial,Savelugu Municipal,Rural,Female,0,0,0,0,0,0,0,0,0,0,0,0,0,0,0,0,0,0,0,0
Dangme,Voc/technical/commercial,Savelugu Municipal,Rural,Male,0,0,0,0,0,0,0,0,0,0,0,0,0,0,0,0,0,0,0,0
Dangme,Voc/technical/commercial,Savelugu Municipal,Urban,Female,0,0,0,0,0,0,0,0,0,0,0,0,0,0,0,0,0,0,0,0
Dangme,Voc/technical/commercial,Savelugu Municipal,Urban,Male,0,0,0,0,0,0,0,0,0,0,0,0,0,0,0,0,0,0,0,0
Dangme,Post middle/secondary Certificate,Savelugu Municipal,Rural,Female,0,0,0,0,0,0,0,0,0,0,0,0,0,0,0,0,0,0,0,0
Dangme,Post middle/secondary Certificate,Savelugu Municipal,Rural,Male,0,0,0,0,0,0,0,0,0,0,0,0,0,0,0,0,0,0,0,0
Dangme,Post middle/secondary Certificate,Savelugu Municipal,Urban,Female,0,0,0,0,0,0,0,0,0,0,0,0,0,0,0,0,0,0,0,0
Dangme,Post middle/secondary Certificate,Savelugu Municipal,Urban,Male,0,0,0,0,1,0,0,0,0,0,0,0,0,0,0,0,0,0,0,0
Dangme,Post middle/secondary Diploma,Savelugu Municipal,Rural,Female,0,0,0,0,0,0,1,0,0,0,0,0,0,0,0,0,0,0,0,0
Dangme,Post middle/secondary Diploma,Savelugu Municipal,Rural,Male,0,0,0,0,0,0,0,0,0,0,0,0,0,0,0,0,0,0,0,0
Dangme,Post middle/secondary Diploma,Savelugu Municipal,Urban,Female,0,0,0,0,0,0,0,0,0,0,0,0,0,0,0,0,0,0,0,0
Dangme,Post middle/secondary Diploma,Savelugu Municipal,Urban,Male,0,0,0,0,1,0,0,0,0,0,0,0,0,0,0,0,0,0,0,0
Dangme,Tertiary/HND,Savelugu Municipal,Rural,Female,0,0,0,0,0,0,0,0,0,0,0,0,0,0,0,0,0,0,0,0
Dangme,Tertiary/HND,Savelugu Municipal,Rural,Male,0,0,0,0,0,0,0,0,0,0,0,0,1,0,0,0,0,0,0,0
Dangme,Tertiary/HND,Savelugu Municipal,Urban,Female,0,0,0,0,0,0,0,0,0,0,0,0,0,0,0,0,0,0,0,0
Dangme,Tertiary/HND,Savelugu Municipal,Urban,Male,0,0,0,1,0,1,1,0,0,0,0,0,0,0,0,0,0,0,0,0
Dangme,Tertiary - Bachelor's Degree,Savelugu Municipal,Rural,Female,0,0,0,0,0,0,0,0,0,0,0,0,0,0,0,0,0,0,0,0
Dangme,Tertiary - Bachelor's Degree,Savelugu Municipal,Rural,Male,0,0,0,0,0,0,0,0,0,0,0,0,0,0,0,0,0,0,0,0
Dangme,Tertiary - Bachelor's Degree,Savelugu Municipal,Urban,Female,0,0,0,0,0,1,0,0,0,0,0,0,0,0,0,0,0,0,0,0
Dangme,Tertiary - Bachelor's Degree,Savelugu Municipal,Urban,Male,0,0,0,0,0,0,0,0,0,0,0,0,0,0,0,0,0,0,0,0
Dangme,Tertiary - Post graduate Certificate/Diploma,Savelugu Municipal,Rural,Female,0,0,0,0,0,0,0,0,0,0,0,0,0,0,0,0,0,0,0,0
Dangme,Tertiary - Post graduate Certificate/Diploma,Savelugu Municipal,Rural,Male,0,0,0,0,0,0,0,0,0,0,0,0,0,0,0,0,0,0,0,0
Dangme,Tertiary - Post graduate Certificate/Diploma,Savelugu Municipal,Urban,Female,0,0,0,0,0,0,0,0,0,0,0,0,0,0,0,0,0,0,0,0
Dangme,Tertiary - Post graduate Certificate/Diploma,Savelugu Municipal,Urban,Male,0,0,0,1,1,1,0,0,0,0,0,0,0,0,0,0,0,0,0,0
Dangme,Tertiary - Master's Degree,Savelugu Municipal,Rural,Female,0,0,0,0,0,0,0,0,0,0,0,0,0,0,0,0,0,0,0,0
Dangme,Tertiary - Master's Degree,Savelugu Municipal,Rural,Male,0,0,0,0,0,0,0,0,0,0,0,0,0,0,0,0,0,0,0,0
Dangme,Tertiary - Master's Degree,Savelugu Municipal,Urban,Female,0,0,0,0,0,0,0,0,0,0,0,0,0,0,0,0,0,0,0,0
Dangme,Tertiary - Master's Degree,Savelugu Municipal,Urban,Male,0,0,0,0,1,1,0,0,0,0,0,0,0,0,0,0,0,0,0,0
Dangme,Tertiary - PhD,Savelugu Municipal,Rural,Female,0,0,0,0,0,0,0,0,0,0,0,0,0,0,0,0,0,0,0,0
Dangme,Tertiary - PhD,Savelugu Municipal,Rural,Male,0,0,0,0,0,0,0,0,0,0,0,0,0,0,0,0,0,0,0,0
Dangme,Tertiary - PhD,Savelugu Municipal,Urban,Female,0,0,0,0,0,0,0,0,0,0,0,0,0,0,0,0,0,0,0,0
Dangme,Tertiary - PhD,Savelugu Municipal,Urban,Male,0,0,0,0,0,0,0,0,0,0,0,0,0,0,0,0,0,0,0,0
Dangme,Other (specify),Savelugu Municipal,Rural,Female,0,0,0,0,0,0,0,0,0,0,0,0,0,0,0,0,0,0,0,0
Dangme,Other (specify),Savelugu Municipal,Rural,Male,0,0,0,0,0,0,0,0,0,0,0,0,0,0,0,0,0,0,0,0
Dangme,Other (specify),Savelugu Municipal,Urban,Female,0,0,0,0,0,0,0,0,0,0,0,0,0,0,0,0,0,0,0,0
Dangme,Other (specify),Savelugu Municipal,Urban,Male,0,0,0,0,0,1,0,0,0,0,0,0,0,0,0,0,0,0,0,0
Ewe,Never attended,Savelugu Municipal,Rural,Female,0,0,0,0,1,0,0,0,0,0,0,0,0,0,0,0,0,0,0,0
Ewe,Never attended,Savelugu Municipal,Rural,Male,0,0,0,0,0,0,0,0,0,0,0,0,0,0,0,0,0,0,0,0
Ewe,Never attended,Savelugu Municipal,Urban,Female,0,0,0,0,0,0,0,0,0,0,0,0,0,0,0,0,0,0,0,0
Ewe,Never attended,Savelugu Municipal,Urban,Male,0,0,0,0,0,0,0,0,0,0,0,0,0,0,0,0,0,0,0,0
Ewe,Nursery,Savelugu Municipal,Rural,Female,0,0,0,0,0,0,0,0,0,0,0,0,0,0,0,0,0,0,0,0
Ewe,Nursery,Savelugu Municipal,Rural,Male,0,0,0,0,0,0,0,0,0,0,0,0,0,0,0,0,0,0,0,0
Ewe,Nursery,Savelugu Municipal,Urban,Female,0,0,0,0,0,0,0,0,0,0,0,0,0,0,0,0,0,0,0,0
Ewe,Nursery,Savelugu Municipal,Urban,Male,0,0,0,0,0,0,0,0,0,0,0,0,0,0,0,0,0,0,0,0
Ewe,Kindergarten,Savelugu Municipal,Rural,Female,1,0,0,0,0,0,0,0,0,0,0,0,0,0,0,0,0,0,0,0
Ewe,Kindergarten,Savelugu Municipal,Rural,Male,0,0,0,0,0,0,0,0,0,0,0,0,0,0,0,0,0,0,0,0
Ewe,Kindergarten,Savelugu Municipal,Urban,Female,0,0,0,0,0,0,0,0,0,0,0,0,0,0,0,0,0,0,0,0
Ewe,Kindergarten,Savelugu Municipal,Urban,Male,0,0,0,0,0,0,0,0,0,0,0,0,0,0,0,0,0,0,0,0
Ewe,Primary,Savelugu Municipal,Rural,Female,1,2,0,0,0,0,1,0,0,1,0,0,0,0,0,0,0,0,0,0
Ewe,Primary,Savelugu Municipal,Rural,Male,2,0,0,0,1,0,2,1,0,1,0,1,0,0,0,0,0,0,0,0
Ewe,Primary,Savelugu Municipal,Urban,Female,6,1,0,0,1,0,0,0,0,0,0,0,0,0,0,0,0,0,0,0
Ewe,Primary,Savelugu Municipal,Urban,Male,4,2,0,0,0,0,0,0,0,0,0,0,0,0,0,0,0,0,0,0
Ewe,JSS/JHS,Savelugu Municipal,Rural,Female,0,1,1,2,1,1,2,0,0,0,0,0,0,0,0,0,0,0,0,0
Ewe,JSS/JHS,Savelugu Municipal,Rural,Male,0,1,1,0,1,4,1,2,0,0,0,0,0,0,0,0,0,0,0,0
Ewe,JSS/JHS,Savelugu Municipal,Urban,Female,0,1,2,0,1,1,0,0,0,0,0,0,0,0,0,0,0,0,0,0
Ewe,JSS/JHS,Savelugu Municipal,Urban,Male,0,1,1,0,0,0,1,0,0,0,0,0,0,0,0,0,0,0,0,0
Ewe,Middle,Savelugu Municipal,Rural,Female,0,0,0,0,0,0,0,0,0,0,0,0,0,0,0,0,0,0,0,0
Ewe,Middle,Savelugu Municipal,Rural,Male,0,0,0,0,0,0,0,0,0,0,0,0,0,0,0,0,0,0,0,0
Ewe,Middle,Savelugu Municipal,Urban,Female,0,0,0,0,0,0,0,0,0,0,0,0,0,0,0,0,0,0,0,0
Ewe,Middle,Savelugu Municipal,Urban,Male,0,0,0,0,0,0,0,0,0,0,0,0,1,0,0,0,0,0,0,0
Ewe,SSS/SHS,Savelugu Municipal,Rural,Female,0,0,0,0,0,0,1,0,0,0,0,0,0,0,0,0,0,0,0,0
Ewe,SSS/SHS,Savelugu Municipal,Rural,Male,0,0,1,1,2,2,1,0,1,0,0,0,0,0,0,0,0,0,0,0
Ewe,SSS/SHS,Savelugu Municipal,Urban,Female,0,0,2,3,2,0,0,0,0,0,0,0,0,0,0,0,0,0,0,0
Ewe,SSS/SHS,Savelugu Municipal,Urban,Male,0,0,4,4,1,0,0,2,0,0,0,0,0,0,0,0,0,0,0,0
Ewe,Secondary,Savelugu Municipal,Rural,Female,0,0,0,0,1,0,0,0,0,0,0,0,0,0,0,0,0,0,0,0
Ewe,Secondary,Savelugu Municipal,Rural,Male,0,0,0,0,0,0,0,0,0,1,0,0,0,0,0,0,0,0,0,0
Ewe,Secondary,Savelugu Municipal,Urban,Female,0,0,0,0,1,0,0,0,0,0,0,0,0,0,0,0,0,0,0,0
Ewe,Secondary,Savelugu Municipal,Urban,Male,0,0,0,0,0,1,0,0,0,0,0,0,0,0,0,0,0,0,0,0
Ewe,Voc/technical/commercial,Savelugu Municipal,Rural,Female,0,0,0,0,0,0,0,0,0,0,0,0,0,0,0,0,0,0,0,0
Ewe,Voc/technical/commercial,Savelugu Municipal,Rural,Male,0,0,0,0,0,0,1,0,0,0,0,0,0,0,0,0,0,0,0,0
Ewe,Voc/technical/commercial,Savelugu Municipal,Urban,Female,0,0,0,0,0,0,0,0,0,0,0,0,0,0,0,0,0,0,0,0
Ewe,Voc/technical/commercial,Savelugu Municipal,Urban,Male,0,0,0,0,0,0,0,0,0,0,0,0,0,0,0,0,0,0,0,0
Ewe,Post middle/secondary Certificate,Savelugu Municipal,Rural,Female,0,0,0,0,0,0,0,0,0,0,0,0,0,0,0,0,0,0,0,0
Ewe,Post middle/secondary Certificate,Savelugu Municipal,Rural,Male,0,0,0,0,0,0,0,0,0,0,0,0,0,0,0,0,0,0,0,0
Ewe,Post middle/secondary Certificate,Savelugu Municipal,Urban,Female,0,0,0,0,0,0,0,0,0,0,0,0,0,0,0,0,0,0,0,0
Ewe,Post middle/secondary Certificate,Savelugu Municipal,Urban,Male,0,0,0,0,0,0,0,0,0,0,0,0,0,0,0,0,0,0,0,0
Ewe,Post middle/secondary Diploma,Savelugu Municipal,Rural,Female,0,0,0,0,0,0,0,0,0,0,0,0,0,0,0,0,0,0,0,0
Ewe,Post middle/secondary Diploma,Savelugu Municipal,Rural,Male,0,0,0,0,0,0,0,0,0,0,0,0,1,0,0,0,0,0,0,0
Ewe,Post middle/secondary Diploma,Savelugu Municipal,Urban,Female,0,0,0,0,0,1,0,0,0,0,0,0,0,0,0,0,0,0,0,0
Ewe,Post middle/secondary Diploma,Savelugu Municipal,Urban,Male,0,0,0,0,1,1,1,0,0,0,0,0,0,0,0,0,0,0,0,0
Ewe,Tertiary/HND,Savelugu Municipal,Rural,Female,0,0,0,0,0,0,0,0,0,0,0,0,0,0,0,0,0,0,0,0
Ewe,Tertiary/HND,Savelugu Municipal,Rural,Male,0,0,0,0,0,0,0,0,0,0,0,0,0,0,0,0,0,0,0,0
Ewe,Tertiary/HND,Savelugu Municipal,Urban,Female,0,0,0,1,1,0,0,0,0,0,0,0,0,0,0,0,0,0,0,0
Ewe,Tertiary/HND,Savelugu Municipal,Urban,Male,0,0,0,0,0,0,0,1,0,0,0,0,0,0,0,0,0,0,0,0
Ewe,Tertiary - Bachelor's Degree,Savelugu Municipal,Rural,Female,0,0,0,0,0,0,0,0,0,0,0,0,0,0,0,0,0,0,0,0
Ewe,Tertiary - Bachelor's Degree,Savelugu Municipal,Rural,Male,0,0,0,0,1,0,0,0,0,0,0,0,0,0,0,0,0,0,0,0
Ewe,Tertiary - Bachelor's Degree,Savelugu Municipal,Urban,Female,0,0,0,0,0,3,1,0,1,0,0,0,0,0,0,0,0,0,0,0
Ewe,Tertiary - Bachelor's Degree,Savelugu Municipal,Urban,Male,0,0,0,0,0,7,1,2,2,0,3,0,2,0,0,0,0,0,0,0
Ewe,Tertiary - Post graduate Certificate/Diploma,Savelugu Municipal,Rural,Female,0,0,0,0,0,0,0,0,0,0,0,0,0,0,0,0,0,0,0,0
Ewe,Tertiary - Post graduate Certificate/Diploma,Savelugu Municipal,Rural,Male,0,0,0,0,0,0,0,0,0,0,0,0,0,0,0,0,0,0,0,0
Ewe,Tertiary - Post graduate Certificate/Diploma,Savelugu Municipal,Urban,Female,0,0,0,2,1,1,1,1,0,0,0,0,0,0,0,0,0,0,0,0
Ewe,Tertiary - Post graduate Certificate/Diploma,Savelugu Municipal,Urban,Male,0,0,0,5,4,2,0,0,0,0,0,0,0,0,0,0,0,0,0,0
Ewe,Tertiary - Master's Degree,Savelugu Municipal,Rural,Female,0,0,0,0,0,0,0,0,0,0,0,0,0,0,0,0,0,0,0,0
Ewe,Tertiary - Master's Degree,Savelugu Municipal,Rural,Male,0,0,0,0,0,0,0,0,0,0,0,0,0,0,0,0,0,0,0,0
Ewe,Tertiary - Master's Degree,Savelugu Municipal,Urban,Female,0,0,0,0,0,0,1,0,0,0,0,0,0,0,0,0,0,0,0,0
Ewe,Tertiary - Master's Degree,Savelugu Municipal,Urban,Male,0,0,0,0,2,0,2,0,0,0,0,0,0,0,0,0,0,0,0,0
Ewe,Tertiary - PhD,Savelugu Municipal,Rural,Female,0,0,0,0,0,0,0,0,0,0,0,0,0,0,0,0,0,0,0,0
Ewe,Tertiary - PhD,Savelugu Municipal,Rural,Male,0,0,0,0,0,0,0,0,0,0,0,0,0,0,0,0,0,0,0,0
Ewe,Tertiary - PhD,Savelugu Municipal,Urban,Female,0,0,0,0,0,0,0,0,0,0,0,0,0,0,0,0,0,0,0,0
Ewe,Tertiary - PhD,Savelugu Municipal,Urban,Male,0,0,0,0,0,0,0,0,0,0,0,1,0,0,0,0,0,0,0,0
Ewe,Other (specify),Savelugu Municipal,Rural,Female,0,0,0,0,0,0,0,0,0,0,0,0,0,0,0,0,0,0,0,0
Ewe,Other (specify),Savelugu Municipal,Rural,Male,0,0,0,0,0,0,0,0,0,0,0,0,0,0,0,0,0,0,0,0
Ewe,Other (specify),Savelugu Municipal,Urban,Female,0,0,0,0,0,0,0,0,0,0,0,0,0,0,0,0,0,0,0,0
Ewe,Other (specify),Savelugu Municipal,Urban,Male,0,0,0,0,0,0,0,0,0,0,0,0,0,0,0,0,0,0,0,0
Dagbani,Never attended,Savelugu Municipal,Rural,Female,0,0,0,0,1,0,1,1,0,0,0,0,0,0,0,0,0,0,0,0
Dagbani,Never attended,Savelugu Municipal,Rural,Male,3,0,2,0,1,0,0,1,0,0,0,0,0,0,0,0,0,0,0,0
Dagbani,Never attended,Savelugu Municipal,Urban,Female,0,0,0,1,0,0,0,0,0,1,0,0,0,0,0,0,0,0,0,0
Dagbani,Never attended,Savelugu Municipal,Urban,Male,4,0,1,0,0,1,1,1,0,0,0,0,0,1,0,0,0,0,0,0
Dagbani,Nursery,Savelugu Municipal,Rural,Female,0,0,0,0,0,0,0,0,0,0,0,0,0,0,0,0,0,0,0,0
Dagbani,Nursery,Savelugu Municipal,Rural,Male,0,0,0,1,0,0,0,1,0,0,0,0,0,0,0,0,0,0,0,0
Dagbani,Nursery,Savelugu Municipal,Urban,Female,0,0,0,0,0,0,0,1,0,0,0,0,0,0,0,0,0,0,0,0
Dagbani,Nursery,Savelugu Municipal,Urban,Male,0,0,0,0,0,0,0,1,0,0,0,0,0,0,0,0,0,0,0,0
Dagbani,Kindergarten,Savelugu Municipal,Rural,Female,11,0,0,0,0,0,0,0,0,0,0,0,0,0,0,0,0,0,0,0
Dagbani,Kindergarten,Savelugu Municipal,Rural,Male,21,0,0,0,0,0,0,0,0,0,0,0,0,0,0,0,0,0,0,0
Dagbani,Kindergarten,Savelugu Municipal,Urban,Female,80,0,0,1,0,0,0,0,0,0,0,0,0,0,0,0,0,0,0,0
Dagbani,Kindergarten,Savelugu Municipal,Urban,Male,78,0,0,0,0,0,1,0,0,0,0,0,0,0,0,0,0,0,0,0
Dagbani,Primary,Savelugu Municipal,Rural,Female,324,218,21,24,7,4,1,1,0,0,0,1,0,0,0,0,0,0,0,0
Dagbani,Primary,Savelugu Municipal,Rural,Male,412,314,24,20,24,12,11,8,4,4,3,3,2,0,1,0,0,0,0,0
Dagbani,Primary,Savelugu Municipal,Urban,Female,1029,512,31,46,33,10,11,3,2,1,1,0,2,2,0,0,0,0,0,0
Dagbani,Primary,Savelugu Municipal,Urban,Male,1099,586,50,49,33,35,15,16,6,4,3,2,3,1,0,0,0,0,0,0
Dagbani,JSS/JHS,Savelugu Municipal,Rural,Female,11,107,294,86,55,30,15,3,1,2,0,0,0,0,0,0,0,0,0,0
Dagbani,JSS/JHS,Savelugu Municipal,Rural,Male,14,164,542,127,72,57,53,27,10,5,2,0,0,0,0,0,0,0,0,0
Dagbani,JSS/JHS,Savelugu Municipal,Urban,Female,43,336,965,237,149,80,28,13,6,2,1,0,0,0,0,0,0,0,0,0
Dagbani,JSS/JHS,Savelugu Municipal,Urban,Male,52,373,1066,245,144,147,80,48,31,3,7,0,0,0,0,0,0,0,0,0
Dagbani,Middle,Savelugu Municipal,Rural,Female,0,0,0,0,0,0,0,0,0,1,0,0,0,0,0,0,0,0,0,0
Dagbani,Middle,Savelugu Municipal,Rural,Male,0,0,0,0,0,0,0,0,4,2,3,4,2,1,0,1,0,0,0,0
Dagbani,Middle,Savelugu Municipal,Urban,Female,0,0,0,0,0,0,0,0,0,0,1,3,0,1,0,0,0,0,0,0
Dagbani,Middle,Savelugu Municipal,Urban,Male,0,0,0,0,0,0,0,0,2,9,9,9,11,7,1,2,1,0,0,0
Dagbani,SSS/SHS,Savelugu Municipal,Rural,Female,0,3,175,177,86,24,9,4,4,1,0,0,0,0,0,0,0,0,0,0
Dagbani,SSS/SHS,Savelugu Municipal,Rural,Male,0,3,245,353,212,103,45,29,24,1,0,0,0,0,0,0,0,0,0,0
Dagbani,SSS/SHS,Savelugu Municipal,Urban,Female,0,0,820,896,337,129,41,28,7,2,0,0,0,0,0,0,0,0,0,0
Dagbani,SSS/SHS,Savelugu Municipal,Urban,Male,0,6,1044,1404,423,281,160,117,70,10,0,0,0,0,0,0,0,0,0,0
Dagbani,Secondary,Savelugu Municipal,Rural,Female,0,0,1,2,3,0,2,0,0,0,0,0,0,0,0,0,0,0,0,0
Dagbani,Secondary,Savelugu Municipal,Rural,Male,0,0,3,2,3,0,1,1,3,7,2,4,5,1,0,0,0,0,0,0
Dagbani,Secondary,Savelugu Municipal,Urban,Female,0,0,1,10,5,2,1,2,1,4,2,0,1,1,0,0,0,0,0,0
Dagbani,Secondary,Savelugu Municipal,Urban,Male,0,2,1,6,6,13,8,11,6,24,16,13,8,4,3,2,0,0,0,0
Dagbani,Voc/technical/commercial,Savelugu Municipal,Rural,Female,0,0,1,2,2,1,0,0,0,0,0,0,0,0,0,0,0,0,0,0
Dagbani,Voc/technical/commercial,Savelugu Municipal,Rural,Male,0,0,0,6,8,4,5,1,2,0,0,0,0,0,0,0,0,0,0,0
Dagbani,Voc/technical/commercial,Savelugu Municipal,Urban,Female,0,0,0,0,27,10,3,0,0,0,0,0,0,0,0,0,0,0,0,0
Dagbani,Voc/technical/commercial,Savelugu Municipal,Urban,Male,0,0,2,3,50,14,3,7,4,1,0,0,1,0,0,0,0,0,0,0
Dagbani,Post middle/secondary Certificate,Savelugu Municipal,Rural,Female,0,0,1,0,0,0,0,0,0,0,0,0,0,0,0,0,0,0,0,0
Dagbani,Post middle/secondary Certificate,Savelugu Municipal,Rural,Male,0,0,0,0,1,1,2,0,0,1,0,1,0,0,0,1,0,0,0,0
Dagbani,Post middle/secondary Certificate,Savelugu Municipal,Urban,Female,0,0,2,2,3,10,0,1,1,0,0,2,0,0,0,0,0,0,0,0
Dagbani,Post middle/secondary Certificate,Savelugu Municipal,Urban,Male,0,0,1,3,10,12,8,3,2,0,6,2,4,1,0,0,0,0,0,0
Dagbani,Post middle/secondary Diploma,Savelugu Municipal,Rural,Female,0,0,0,2,3,0,0,0,0,0,0,0,0,0,0,0,0,0,0,0
Dagbani,Post middle/secondary Diploma,Savelugu Municipal,Rural,Male,0,0,1,11,10,15,5,3,1,1,1,1,0,1,1,0,0,0,0,0
Dagbani,Post middle/secondary Diploma,Savelugu Municipal,Urban,Female,0,0,11,27,25,14,5,1,2,2,3,2,0,0,0,0,0,0,0,0
Dagbani,Post middle/secondary Diploma,Savelugu Municipal,Urban,Male,0,0,0,14,71,55,29,16,6,3,3,2,2,2,1,0,0,0,0,0
Dagbani,Tertiary/HND,Savelugu Municipal,Rural,Female,0,0,7,20,9,4,0,0,0,0,0,0,0,0,0,0,0,0,0,0
Dagbani,Tertiary/HND,Savelugu Municipal,Rural,Male,0,0,1,58,25,16,6,1,0,0,0,1,0,0,0,0,0,0,0,0
Dagbani,Tertiary/HND,Savelugu Municipal,Urban,Female,0,0,16,74,26,25,9,4,1,1,0,1,0,0,0,0,0,0,0,0
Dagbani,Tertiary/HND,Savelugu Municipal,Urban,Male,0,0,12,146,87,82,60,24,14,11,4,2,2,1,0,0,0,0,0,0
Dagbani,Tertiary - Bachelor's Degree,Savelugu Municipal,Rural,Female,0,0,16,4,4,2,1,0,0,0,0,0,0,0,0,0,0,0,0,0
Dagbani,Tertiary - Bachelor's Degree,Savelugu Municipal,Rural,Male,0,0,31,28,19,25,18,9,1,3,0,1,3,1,0,0,0,0,0,0
Dagbani,Tertiary - Bachelor's Degree,Savelugu Municipal,Urban,Female,0,0,3,23,25,24,16,3,2,4,1,0,0,0,0,0,0,0,0,0
Dagbani,Tertiary - Bachelor's Degree,Savelugu Municipal,Urban,Male,0,0,54,40,95,131,74,72,29,20,9,12,5,2,2,0,0,0,0,0
Dagbani,Tertiary - Post graduate Certificate/Diploma,Savelugu Municipal,Rural,Female,0,0,0,3,1,2,0,0,0,0,0,0,0,0,0,0,0,0,0,0
Dagbani,Tertiary - Post graduate Certificate/Diploma,Savelugu Municipal,Rural,Male,0,0,0,18,22,12,2,1,1,2,0,0,0,0,0,0,0,0,0,0
Dagbani,Tertiary - Post graduate Certificate/Diploma,Savelugu Municipal,Urban,Female,0,0,0,31,54,20,8,2,3,0,2,1,0,0,0,0,0,0,0,0
Dagbani,Tertiary - Post graduate Certificate/Diploma,Savelugu Municipal,Urban,Male,0,0,0,105,122,68,26,17,4,6,4,5,1,1,0,0,0,0,0,0
Dagbani,Tertiary - Master's Degree,Savelugu Municipal,Rural,Female,0,0,0,0,0,0,0,0,0,0,0,0,0,0,0,0,0,0,0,0
Dagbani,Tertiary - Master's Degree,Savelugu Municipal,Rural,Male,0,0,0,0,1,2,3,1,0,1,0,0,0,0,0,0,0,0,0,0
Dagbani,Tertiary - Master's Degree,Savelugu Municipal,Urban,Female,0,0,0,0,0,2,2,0,0,1,1,0,0,0,0,0,0,0,0,0
Dagbani,Tertiary - Master's Degree,Savelugu Municipal,Urban,Male,0,0,0,3,4,13,16,17,5,5,4,2,1,0,0,0,0,0,0,0
Dagbani,Tertiary - PhD,Savelugu Municipal,Rural,Female,0,0,0,0,0,0,0,0,0,0,0,0,0,0,0,0,0,0,0,0
Dagbani,Tertiary - PhD,Savelugu Municipal,Rural,Male,0,0,0,0,4,0,0,0,0,0,0,0,0,0,0,0,0,0,0,0
Dagbani,Tertiary - PhD,Savelugu Municipal,Urban,Female,0,0,0,0,0,0,0,0,0,0,0,0,0,0,0,0,0,0,0,0
Dagbani,Tertiary - PhD,Savelugu Municipal,Urban,Male,0,0,0,0,1,1,1,1,1,2,1,0,0,0,0,0,0,0,0,0
Dagbani,Other (specify),Savelugu Municipal,Rural,Female,0,0,0,0,0,0,0,0,0,0,0,0,0,0,0,0,0,0,0,0
Dagbani,Other (specify),Savelugu Municipal,Rural,Male,0,0,0,0,0,2,1,0,0,0,0,0,0,0,0,0,0,0,0,0
Dagbani,Other (specify),Savelugu Municipal,Urban,Female,0,0,0,0,0,0,1,0,0,0,0,0,0,0,0,0,0,0,0,0
Dagbani,Other (specify),Savelugu Municipal,Urban,Male,0,0,0,1,1,0,0,0,2,2,0,0,0,0,0,0,0,0,0,0
Gonja,Never attended,Savelugu Municipal,Rural,Female,0,0,0,0,0,0,0,0,0,0,0,0,0,0,0,0,0,0,0,0
Gonja,Never attended,Savelugu Municipal,Rural,Male,0,0,0,0,0,0,0,0,0,0,0,0,0,0,0,0,0,0,0,0
Gonja,Never attended,Savelugu Municipal,Urban,Female,0,0,0,0,0,0,0,0,0,0,0,0,0,0,0,0,0,0,0,0
Gonja,Never attended,Savelugu Municipal,Urban,Male,0,0,0,0,0,0,0,0,0,0,0,0,0,0,0,0,0,0,0,0
Gonja,Nursery,Savelugu Municipal,Rural,Female,0,0,0,0,0,0,0,0,0,0,0,0,0,0,0,0,0,0,0,0
Gonja,Nursery,Savelugu Municipal,Rural,Male,0,0,0,0,0,0,0,0,0,0,0,0,0,0,0,0,0,0,0,0
Gonja,Nursery,Savelugu Municipal,Urban,Female,0,0,0,0,0,0,0,0,0,0,0,0,0,0,0,0,0,0,0,0
Gonja,Nursery,Savelugu Municipal,Urban,Male,0,0,0,0,0,0,0,0,0,0,0,0,0,0,0,0,0,0,0,0
Gonja,Kindergarten,Savelugu Municipal,Rural,Female,0,0,0,0,0,0,0,0,0,0,0,0,0,0,0,0,0,0,0,0
Gonja,Kindergarten,Savelugu Municipal,Rural,Male,0,0,0,0,0,0,0,0,0,0,0,0,0,0,0,0,0,0,0,0
Gonja,Kindergarten,Savelugu Municipal,Urban,Female,0,0,0,0,0,0,0,0,0,0,0,0,0,0,0,0,0,0,0,0
Gonja,Kindergarten,Savelugu Municipal,Urban,Male,0,0,0,0,0,0,0,0,0,0,0,0,0,0,0,0,0,0,0,0
Gonja,Primary,Savelugu Municipal,Rural,Female,0,0,0,0,0,0,0,0,0,0,0,0,0,0,0,0,0,0,0,0
Gonja,Primary,Savelugu Municipal,Rural,Male,1,2,0,0,0,0,0,0,0,0,0,0,0,0,0,0,0,0,0,0
Gonja,Primary,Savelugu Municipal,Urban,Female,1,1,0,0,0,0,0,0,0,0,0,0,0,0,0,0,0,0,0,0
Gonja,Primary,Savelugu Municipal,Urban,Male,0,0,0,0,0,0,0,0,0,0,0,0,0,0,0,0,0,0,0,0
Gonja,JSS/JHS,Savelugu Municipal,Rural,Female,0,0,0,0,0,1,0,0,0,0,0,0,0,0,0,0,0,0,0,0
Gonja,JSS/JHS,Savelugu Municipal,Rural,Male,0,0,0,1,1,0,0,0,0,0,0,0,0,0,0,0,0,0,0,0
Gonja,JSS/JHS,Savelugu Municipal,Urban,Female,0,0,1,0,0,0,0,0,0,0,0,0,0,0,0,0,0,0,0,0
Gonja,JSS/JHS,Savelugu Municipal,Urban,Male,0,0,1,0,0,1,1,0,0,0,0,0,0,0,0,0,0,0,0,0
Gonja,Middle,Savelugu Municipal,Rural,Female,0,0,0,0,0,0,0,0,0,0,0,0,0,0,0,0,0,0,0,0
Gonja,Middle,Savelugu Municipal,Rural,Male,0,0,0,0,0,0,0,0,0,0,0,0,0,0,0,0,0,0,0,0
Gonja,Middle,Savelugu Municipal,Urban,Female,0,0,0,0,0,0,0,0,0,0,0,0,0,0,0,0,0,0,0,0
Gonja,Middle,Savelugu Municipal,Urban,Male,0,0,0,0,0,0,0,0,0,0,0,0,0,0,0,0,0,0,0,0
Gonja,SSS/SHS,Savelugu Municipal,Rural,Female,0,0,0,1,0,0,0,0,0,0,0,0,0,0,0,0,0,0,0,0
Gonja,SSS/SHS,Savelugu Municipal,Rural,Male,0,0,0,0,0,0,0,0,0,0,0,0,0,0,0,0,0,0,0,0
Gonja,SSS/SHS,Savelugu Municipal,Urban,Female,0,0,6,6,0,0,0,0,0,0,0,0,0,0,0,0,0,0,0,0
Gonja,SSS/SHS,Savelugu Municipal,Urban,Male,0,0,8,10,0,1,2,0,0,0,0,0,0,0,0,0,0,0,0,0
Gonja,Secondary,Savelugu Municipal,Rural,Female,0,0,0,0,0,0,0,0,0,0,0,0,0,0,0,0,0,0,0,0
Gonja,Secondary,Savelugu Municipal,Rural,Male,0,0,0,0,0,0,0,2,0,0,0,0,0,0,0,0,0,0,0,0
Gonja,Secondary,Savelugu Municipal,Urban,Female,0,0,0,0,0,0,0,0,0,0,0,0,0,0,0,0,0,0,0,0
Gonja,Secondary,Savelugu Municipal,Urban,Male,0,0,0,0,0,0,0,0,0,0,0,0,0,0,0,0,0,0,0,0
Gonja,Voc/technical/commercial,Savelugu Municipal,Rural,Female,0,0,0,0,0,0,0,0,0,0,0,0,0,0,0,0,0,0,0,0
Gonja,Voc/technical/commercial,Savelugu Municipal,Rural,Male,0,0,0,0,0,0,0,0,0,0,0,0,0,0,0,0,0,0,0,0
Gonja,Voc/technical/commercial,Savelugu Municipal,Urban,Female,0,0,0,0,0,0,0,0,0,0,0,0,0,0,0,0,0,0,0,0
Gonja,Voc/technical/commercial,Savelugu Municipal,Urban,Male,0,0,0,0,1,0,0,0,0,0,0,0,0,0,0,0,0,0,0,0
Gonja,Post middle/secondary Certificate,Savelugu Municipal,Rural,Female,0,0,0,0,0,0,0,0,0,0,0,0,0,0,0,0,0,0,0,0
Gonja,Post middle/secondary Certificate,Savelugu Municipal,Rural,Male,0,0,0,0,0,0,0,0,0,0,0,0,0,0,0,0,0,0,0,0
Gonja,Post middle/secondary Certificate,Savelugu Municipal,Urban,Female,0,0,0,0,0,0,0,0,0,0,0,0,0,0,0,0,0,0,0,0
Gonja,Post middle/secondary Certificate,Savelugu Municipal,Urban,Male,0,0,0,0,0,0,0,0,0,0,0,0,0,0,0,0,0,0,0,0
Gonja,Post middle/secondary Diploma,Savelugu Municipal,Rural,Female,0,0,0,0,0,0,0,0,0,0,0,0,0,0,0,0,0,0,0,0
Gonja,Post middle/secondary Diploma,Savelugu Municipal,Rural,Male,0,0,0,0,1,0,0,0,0,0,0,0,0,0,0,0,0,0,0,0
Gonja,Post middle/secondary Diploma,Savelugu Municipal,Urban,Female,0,0,0,0,1,0,0,0,0,0,0,0,0,0,0,0,0,0,0,0
Gonja,Post middle/secondary Diploma,Savelugu Municipal,Urban,Male,0,0,0,0,0,0,1,0,0,0,0,0,0,0,0,0,0,0,0,0
Gonja,Tertiary/HND,Savelugu Municipal,Rural,Female,0,0,0,0,0,0,0,0,0,0,0,0,0,0,0,0,0,0,0,0
Gonja,Tertiary/HND,Savelugu Municipal,Rural,Male,0,0,0,0,0,0,0,0,0,0,0,0,0,0,0,0,0,0,0,0
Gonja,Tertiary/HND,Savelugu Municipal,Urban,Female,0,0,0,0,0,1,0,0,0,0,0,0,0,0,0,0,0,0,0,0
Gonja,Tertiary/HND,Savelugu Municipal,Urban,Male,0,0,0,0,0,0,0,1,0,0,0,0,0,0,0,0,0,0,0,0
Gonja,Tertiary - Bachelor's Degree,Savelugu Municipal,Rural,Female,0,0,0,0,0,0,1,0,0,0,0,0,0,0,0,0,0,0,0,0
Gonja,Tertiary - Bachelor's Degree,Savelugu Municipal,Rural,Male,0,0,0,0,0,0,0,0,0,0,0,0,0,0,0,0,0,0,0,0
Gonja,Tertiary - Bachelor's Degree,Savelugu Municipal,Urban,Female,0,0,0,0,1,0,0,0,0,0,0,0,0,0,0,0,0,0,0,0
Gonja,Tertiary - Bachelor's Degree,Savelugu Municipal,Urban,Male,0,0,0,0,0,1,3,0,0,0,0,0,1,0,0,0,0,0,0,0
Gonja,Tertiary - Post graduate Certificate/Diploma,Savelugu Municipal,Rural,Female,0,0,0,0,0,0,0,0,0,0,0,0,0,0,0,0,0,0,0,0
Gonja,Tertiary - Post graduate Certificate/Diploma,Savelugu Municipal,Rural,Male,0,0,0,0,0,0,0,0,0,0,0,0,0,0,0,0,0,0,0,0
Gonja,Tertiary - Post graduate Certificate/Diploma,Savelugu Municipal,Urban,Female,0,0,0,1,2,0,0,0,0,0,0,0,0,0,0,0,0,0,0,0
Gonja,Tertiary - Post graduate Certificate/Diploma,Savelugu Municipal,Urban,Male,0,0,0,11,6,1,2,0,0,0,0,0,0,0,0,0,0,0,0,0
Gonja,Tertiary - Master's Degree,Savelugu Municipal,Rural,Female,0,0,0,0,0,0,0,0,0,0,0,0,0,0,0,0,0,0,0,0
Gonja,Tertiary - Master's Degree,Savelugu Municipal,Rural,Male,0,0,0,0,0,0,0,0,0,0,0,0,0,0,0,0,0,0,0,0
Gonja,Tertiary - Master's Degree,Savelugu Municipal,Urban,Female,0,0,0,0,0,0,1,0,0,0,0,0,0,0,0,0,0,0,0,0
Gonja,Tertiary - Master's Degree,Savelugu Municipal,Urban,Male,0,0,0,0,0,0,0,1,0,0,1,0,0,0,0,0,0,0,0,0
Gonja,Tertiary - PhD,Savelugu Municipal,Rural,Female,0,0,0,0,0,0,0,0,0,0,0,0,0,0,0,0,0,0,0,0
Gonja,Tertiary - PhD,Savelugu Municipal,Rural,Male,0,0,0,0,0,0,0,0,0,0,0,0,0,0,0,0,0,0,0,0
Gonja,Tertiary - PhD,Savelugu Municipal,Urban,Female,0,0,0,0,0,0,0,0,0,0,0,0,0,0,0,0,0,0,0,0
Gonja,Tertiary - PhD,Savelugu Municipal,Urban,Male,0,0,0,0,0,0,0,1,0,0,0,0,0,0,0,0,0,0,0,0
Gonja,Other (specify),Savelugu Municipal,Rural,Female,0,0,0,0,0,0,0,0,0,0,0,0,0,0,0,0,0,0,0,0
Gonja,Other (specify),Savelugu Municipal,Rural,Male,0,0,0,0,0,0,0,0,0,0,0,0,0,0,0,0,0,0,0,0
Gonja,Other (specify),Savelugu Municipal,Urban,Female,0,0,0,0,0,0,0,0,0,0,0,0,0,0,0,0,0,0,0,0
Gonja,Other (specify),Savelugu Municipal,Urban,Male,0,0,0,0,0,0,0,0,0,0,0,0,0,0,0,0,0,0,0,0
Dagaari,Never attended,Savelugu Municipal,Rural,Female,0,0,0,0,0,0,0,0,0,0,0,0,0,0,0,0,0,0,0,0
Dagaari,Never attended,Savelugu Municipal,Rural,Male,0,0,0,0,0,0,0,0,0,0,0,0,0,0,0,0,0,0,0,0
Dagaari,Never attended,Savelugu Municipal,Urban,Female,0,0,0,0,0,0,0,0,0,0,0,0,0,0,0,0,0,0,0,0
Dagaari,Never attended,Savelugu Municipal,Urban,Male,0,0,0,0,0,0,0,0,0,0,0,0,0,0,0,0,0,0,0,0
Dagaari,Nursery,Savelugu Municipal,Rural,Female,0,0,0,0,0,0,0,0,0,0,0,0,0,0,0,0,0,0,0,0
Dagaari,Nursery,Savelugu Municipal,Rural,Male,0,0,0,0,0,0,0,0,0,0,0,0,0,0,0,0,0,0,0,0
Dagaari,Nursery,Savelugu Municipal,Urban,Female,0,0,0,0,0,0,0,0,0,0,0,0,0,0,0,0,0,0,0,0
Dagaari,Nursery,Savelugu Municipal,Urban,Male,0,0,0,0,0,0,0,0,0,0,0,0,0,0,0,0,0,0,0,0
Dagaari,Kindergarten,Savelugu Municipal,Rural,Female,0,0,0,0,0,0,0,0,0,0,0,0,0,0,0,0,0,0,0,0
Dagaari,Kindergarten,Savelugu Municipal,Rural,Male,0,0,0,0,0,0,0,0,0,0,0,0,0,0,0,0,0,0,0,0
Dagaari,Kindergarten,Savelugu Municipal,Urban,Female,0,0,0,0,0,0,0,0,0,0,0,0,0,0,0,0,0,0,0,0
Dagaari,Kindergarten,Savelugu Municipal,Urban,Male,0,0,0,0,0,0,0,0,0,0,0,0,0,0,0,0,0,0,0,0
Dagaari,Primary,Savelugu Municipal,Rural,Female,0,1,0,0,0,0,0,0,0,0,0,0,0,0,0,0,0,0,0,0
Dagaari,Primary,Savelugu Municipal,Rural,Male,0,0,0,0,0,0,0,0,0,0,0,0,0,0,0,0,0,0,0,0
Dagaari,Primary,Savelugu Municipal,Urban,Female,0,1,0,1,0,0,0,0,0,0,0,0,0,0,0,0,0,0,0,0
Dagaari,Primary,Savelugu Municipal,Urban,Male,0,0,0,0,0,0,0,0,0,0,0,0,0,0,0,0,0,0,0,0
Dagaari,JSS/JHS,Savelugu Municipal,Rural,Female,0,1,0,0,0,0,0,0,0,0,0,0,0,0,0,0,0,0,0,0
Dagaari,JSS/JHS,Savelugu Municipal,Rural,Male,0,1,0,0,0,0,0,0,0,0,0,0,0,0,0,0,0,0,0,0
Dagaari,JSS/JHS,Savelugu Municipal,Urban,Female,0,0,1,0,0,1,0,0,0,0,0,0,0,0,0,0,0,0,0,0
Dagaari,JSS/JHS,Savelugu Municipal,Urban,Male,0,0,0,0,0,0,0,0,0,0,0,0,0,0,0,0,0,0,0,0
Dagaari,Middle,Savelugu Municipal,Rural,Female,0,0,0,0,0,0,0,0,0,0,0,0,0,0,0,0,0,0,0,0
Dagaari,Middle,Savelugu Municipal,Rural,Male,0,0,0,0,0,0,0,0,0,0,0,0,0,0,0,0,0,0,0,0
Dagaari,Middle,Savelugu Municipal,Urban,Female,0,0,0,0,0,0,0,0,0,0,0,0,0,0,0,0,0,0,0,0
Dagaari,Middle,Savelugu Municipal,Urban,Male,0,0,0,0,0,0,0,0,0,0,0,0,0,0,0,0,0,0,0,0
Dagaari,SSS/SHS,Savelugu Municipal,Rural,Female,0,0,0,0,0,0,0,0,0,0,0,0,0,0,0,0,0,0,0,0
Dagaari,SSS/SHS,Savelugu Municipal,Rural,Male,0,0,0,0,0,0,0,0,0,0,0,0,0,0,0,0,0,0,0,0
Dagaari,SSS/SHS,Savelugu Municipal,Urban,Female,0,0,0,0,0,1,0,0,0,0,0,0,0,0,0,0,0,0,0,0
Dagaari,SSS/SHS,Savelugu Municipal,Urban,Male,0,0,0,2,0,0,1,0,0,0,0,0,0,0,0,0,0,0,0,0
Dagaari,Secondary,Savelugu Municipal,Rural,Female,0,0,0,0,0,0,0,0,0,0,0,0,0,0,0,0,0,0,0,0
Dagaari,Secondary,Savelugu Municipal,Rural,Male,0,0,0,0,0,0,0,0,0,0,0,0,0,0,0,0,0,0,0,0
Dagaari,Secondary,Savelugu Municipal,Urban,Female,0,0,0,0,0,0,0,0,0,0,0,0,0,0,0,0,0,0,0,0
Dagaari,Secondary,Savelugu Municipal,Urban,Male,0,0,0,0,0,0,0,0,0,0,0,0,0,0,0,0,0,0,0,0
Dagaari,Voc/technical/commercial,Savelugu Municipal,Rural,Female,0,0,0,0,0,0,0,0,0,0,0,0,0,0,0,0,0,0,0,0
Dagaari,Voc/technical/commercial,Savelugu Municipal,Rural,Male,0,0,0,0,0,0,0,0,0,0,0,0,0,0,0,0,0,0,0,0
Dagaari,Voc/technical/commercial,Savelugu Municipal,Urban,Female,0,0,0,0,1,0,0,0,0,0,0,0,0,0,0,0,0,0,0,0
Dagaari,Voc/technical/commercial,Savelugu Municipal,Urban,Male,0,0,0,0,0,0,0,0,0,0,0,0,0,0,0,0,0,0,0,0
Dagaari,Post middle/secondary Certificate,Savelugu Municipal,Rural,Female,0,0,0,0,0,0,0,0,0,0,0,0,0,0,0,0,0,0,0,0
Dagaari,Post middle/secondary Certificate,Savelugu Municipal,Rural,Male,0,0,0,0,0,0,0,0,0,0,0,0,0,0,0,0,0,0,0,0
Dagaari,Post middle/secondary Certificate,Savelugu Municipal,Urban,Female,0,0,0,0,0,0,0,0,0,0,0,0,0,0,0,0,0,0,0,0
Dagaari,Post middle/secondary Certificate,Savelugu Municipal,Urban,Male,0,0,0,0,0,0,0,0,0,0,0,0,0,0,0,0,0,0,0,0
Dagaari,Post middle/secondary Diploma,Savelugu Municipal,Rural,Female,0,0,0,0,0,0,0,0,0,0,0,0,0,0,0,0,0,0,0,0
Dagaari,Post middle/secondary Diploma,Savelugu Municipal,Rural,Male,0,0,0,0,1,0,0,0,0,0,0,0,0,0,0,0,0,0,0,0
Dagaari,Post middle/secondary Diploma,Savelugu Municipal,Urban,Female,0,0,0,0,0,1,0,1,0,0,0,0,0,0,0,0,0,0,0,0
Dagaari,Post middle/secondary Diploma,Savelugu Municipal,Urban,Male,0,0,0,0,2,0,0,0,0,0,0,0,0,0,0,0,0,0,0,0
Dagaari,Tertiary/HND,Savelugu Municipal,Rural,Female,0,0,0,0,0,0,0,0,0,0,0,0,0,0,0,0,0,0,0,0
Dagaari,Tertiary/HND,Savelugu Municipal,Rural,Male,0,0,0,0,0,0,0,0,0,0,0,0,0,0,0,0,0,0,0,0
Dagaari,Tertiary/HND,Savelugu Municipal,Urban,Female,0,0,0,0,0,0,0,0,0,0,0,0,0,0,0,0,0,0,0,0
Dagaari,Tertiary/HND,Savelugu Municipal,Urban,Male,0,0,0,0,1,0,1,0,0,0,0,0,0,0,0,0,0,0,0,0
Dagaari,Tertiary - Bachelor's Degree,Savelugu Municipal,Rural,Female,0,0,0,0,0,0,0,0,0,0,0,0,0,0,0,0,0,0,0,0
Dagaari,Tertiary - Bachelor's Degree,Savelugu Municipal,Rural,Male,0,0,0,0,0,0,0,0,0,0,0,0,0,0,0,0,0,0,0,0
Dagaari,Tertiary - Bachelor's Degree,Savelugu Municipal,Urban,Female,0,0,0,0,0,0,0,0,0,1,1,0,0,0,0,0,0,0,0,0
Dagaari,Tertiary - Bachelor's Degree,Savelugu Municipal,Urban,Male,0,0,0,0,1,1,2,0,0,0,0,0,0,0,0,0,0,0,0,0
Dagaari,Tertiary - Post graduate Certificate/Diploma,Savelugu Municipal,Rural,Female,0,0,0,0,0,0,0,0,0,0,0,0,0,0,0,0,0,0,0,0
Dagaari,Tertiary - Post graduate Certificate/Diploma,Savelugu Municipal,Rural,Male,0,0,0,0,0,0,0,0,0,0,0,0,0,0,0,0,0,0,0,0
Dagaari,Tertiary - Post graduate Certificate/Diploma,Savelugu Municipal,Urban,Female,0,0,0,10,3,1,1,0,0,0,0,0,0,0,0,0,0,0,0,0
Dagaari,Tertiary - Post graduate Certificate/Diploma,Savelugu Municipal,Urban,Male,0,0,0,16,18,3,0,0,0,1,0,0,0,0,0,0,0,0,0,0
Dagaari,Tertiary - Master's Degree,Savelugu Municipal,Rural,Female,0,0,0,0,0,0,0,0,0,0,0,0,0,0,0,0,0,0,0,0
Dagaari,Tertiary - Master's Degree,Savelugu Municipal,Rural,Male,0,0,0,0,0,0,0,0,0,0,0,0,0,0,0,0,0,0,0,0
Dagaari,Tertiary - Master's Degree,Savelugu Municipal,Urban,Female,0,0,0,0,0,0,1,0,0,0,1,0,0,0,0,0,0,0,0,0
Dagaari,Tertiary - Master's Degree,Savelugu Municipal,Urban,Male,0,0,0,0,0,0,0,0,1,0,0,0,0,0,0,0,0,0,0,0
Dagaari,Tertiary - PhD,Savelugu Municipal,Rural,Female,0,0,0,0,0,0,0,0,0,0,0,0,0,0,0,0,0,0,0,0
Dagaari,Tertiary - PhD,Savelugu Municipal,Rural,Male,0,0,0,0,0,0,0,0,0,0,0,0,0,0,0,0,0,0,0,0
Dagaari,Tertiary - PhD,Savelugu Municipal,Urban,Female,0,0,0,0,0,0,0,0,0,0,0,0,0,0,0,0,0,0,0,0
Dagaari,Tertiary - PhD,Savelugu Municipal,Urban,Male,0,0,0,0,0,0,0,0,0,0,0,0,0,0,0,0,0,0,0,0
Dagaari,Other (specify),Savelugu Municipal,Rural,Female,0,0,0,0,0,0,0,0,0,0,0,0,0,0,0,0,0,0,0,0
Dagaari,Other (specify),Savelugu Municipal,Rural,Male,0,0,0,0,0,0,0,0,0,0,0,0,0,0,0,0,0,0,0,0
Dagaari,Other (specify),Savelugu Municipal,Urban,Female,0,0,0,0,0,0,0,0,0,0,0,0,0,0,0,0,0,0,0,0
Dagaari,Other (specify),Savelugu Municipal,Urban,Male,0,0,0,0,0,0,0,0,0,0,0,0,0,0,0,0,0,0,0,0
Kasem,Never attended,Savelugu Municipal,Rural,Female,0,0,0,0,0,0,0,0,0,0,0,0,0,0,0,0,0,0,0,0
Kasem,Never attended,Savelugu Municipal,Rural,Male,0,0,0,0,0,0,0,0,0,0,0,0,0,0,0,0,0,0,0,0
Kasem,Never attended,Savelugu Municipal,Urban,Female,0,0,0,0,0,0,0,0,0,0,0,0,0,0,0,0,0,0,0,0
Kasem,Never attended,Savelugu Municipal,Urban,Male,0,0,0,0,0,0,0,0,0,0,0,0,0,0,0,0,0,0,0,0
Kasem,Nursery,Savelugu Municipal,Rural,Female,0,0,0,0,0,0,0,0,0,0,0,0,0,0,0,0,0,0,0,0
Kasem,Nursery,Savelugu Municipal,Rural,Male,0,0,0,0,0,0,0,0,0,0,0,0,0,0,0,0,0,0,0,0
Kasem,Nursery,Savelugu Municipal,Urban,Female,0,0,0,0,0,0,0,0,0,0,0,0,0,0,0,0,0,0,0,0
Kasem,Nursery,Savelugu Municipal,Urban,Male,0,0,0,0,0,0,0,0,0,0,0,0,0,0,0,0,0,0,0,0
Kasem,Kindergarten,Savelugu Municipal,Rural,Female,0,0,0,0,0,0,0,0,0,0,0,0,0,0,0,0,0,0,0,0
Kasem,Kindergarten,Savelugu Municipal,Rural,Male,0,0,0,0,0,0,0,0,0,0,0,0,0,0,0,0,0,0,0,0
Kasem,Kindergarten,Savelugu Municipal,Urban,Female,0,0,0,0,0,0,0,0,0,0,0,0,0,0,0,0,0,0,0,0
Kasem,Kindergarten,Savelugu Municipal,Urban,Male,0,0,0,0,0,0,0,0,0,0,0,0,0,0,0,0,0,0,0,0
Kasem,Primary,Savelugu Municipal,Rural,Female,0,0,0,0,0,0,0,0,0,0,0,0,0,0,0,0,0,0,0,0
Kasem,Primary,Savelugu Municipal,Rural,Male,0,1,0,0,0,0,0,0,0,0,0,0,0,0,0,0,0,0,0,0
Kasem,Primary,Savelugu Municipal,Urban,Female,0,0,0,0,0,0,0,0,0,0,0,0,0,0,0,0,0,0,0,0
Kasem,Primary,Savelugu Municipal,Urban,Male,0,1,0,0,0,0,0,0,0,0,0,0,0,0,0,0,0,0,0,0
Kasem,JSS/JHS,Savelugu Municipal,Rural,Female,0,0,0,0,0,0,0,0,0,0,0,0,0,0,0,0,0,0,0,0
Kasem,JSS/JHS,Savelugu Municipal,Rural,Male,0,0,0,0,0,0,0,1,0,0,0,0,0,0,0,0,0,0,0,0
Kasem,JSS/JHS,Savelugu Municipal,Urban,Female,0,0,0,0,0,0,0,0,0,0,0,0,0,0,0,0,0,0,0,0
Kasem,JSS/JHS,Savelugu Municipal,Urban,Male,0,0,0,0,0,0,0,0,0,0,0,0,0,0,0,0,0,0,0,0
Kasem,Middle,Savelugu Municipal,Rural,Female,0,0,0,0,0,0,0,0,0,0,0,0,0,0,0,0,0,0,0,0
Kasem,Middle,Savelugu Municipal,Rural,Male,0,0,0,0,0,0,0,0,0,0,0,0,0,0,0,0,0,0,0,0
Kasem,Middle,Savelugu Municipal,Urban,Female,0,0,0,0,0,0,0,0,0,0,0,0,0,0,0,0,0,0,0,0
Kasem,Middle,Savelugu Municipal,Urban,Male,0,0,0,0,0,0,0,0,0,0,0,0,0,0,0,0,0,0,0,0
Kasem,SSS/SHS,Savelugu Municipal,Rural,Female,0,0,0,0,0,0,0,0,0,0,0,0,0,0,0,0,0,0,0,0
Kasem,SSS/SHS,Savelugu Municipal,Rural,Male,0,0,0,1,0,0,0,0,0,0,0,0,0,0,0,0,0,0,0,0
Kasem,SSS/SHS,Savelugu Municipal,Urban,Female,0,0,0,3,2,1,0,0,0,0,0,0,0,0,0,0,0,0,0,0
Kasem,SSS/SHS,Savelugu Municipal,Urban,Male,0,0,0,2,0,0,0,0,0,0,0,0,0,0,0,0,0,0,0,0
Kasem,Secondary,Savelugu Municipal,Rural,Female,0,0,0,0,0,0,0,0,0,0,0,0,0,0,0,0,0,0,0,0
Kasem,Secondary,Savelugu Municipal,Rural,Male,0,0,0,0,0,0,0,0,0,0,0,0,0,0,0,0,0,0,0,0
Kasem,Secondary,Savelugu Municipal,Urban,Female,0,0,0,0,0,0,0,0,0,0,0,0,0,0,0,0,0,0,0,0
Kasem,Secondary,Savelugu Municipal,Urban,Male,0,0,0,0,0,0,0,0,0,0,0,0,0,0,0,0,0,0,0,0
Kasem,Voc/technical/commercial,Savelugu Municipal,Rural,Female,0,0,0,0,0,0,0,0,0,0,0,0,0,0,0,0,0,0,0,0
Kasem,Voc/technical/commercial,Savelugu Municipal,Rural,Male,0,0,0,0,0,0,0,0,0,0,0,0,0,0,0,0,0,0,0,0
Kasem,Voc/technical/commercial,Savelugu Municipal,Urban,Female,0,0,0,0,0,0,0,0,0,0,0,0,0,0,0,0,0,0,0,0
Kasem,Voc/technical/commercial,Savelugu Municipal,Urban,Male,0,0,0,0,0,0,0,0,0,0,0,0,0,0,0,0,0,0,0,0
Kasem,Post middle/secondary Certificate,Savelugu Municipal,Rural,Female,0,0,0,0,0,0,0,0,0,0,0,0,0,0,0,0,0,0,0,0
Kasem,Post middle/secondary Certificate,Savelugu Municipal,Rural,Male,0,0,0,0,0,0,0,0,0,0,0,0,0,0,0,0,0,0,0,0
Kasem,Post middle/secondary Certificate,Savelugu Municipal,Urban,Female,0,0,0,0,0,0,0,0,0,0,0,0,0,0,0,0,0,0,0,0
Kasem,Post middle/secondary Certificate,Savelugu Municipal,Urban,Male,0,0,0,0,0,0,0,0,0,0,0,0,0,0,0,0,0,0,0,0
Kasem,Post middle/secondary Diploma,Savelugu Municipal,Rural,Female,0,0,0,0,0,0,0,0,0,0,0,0,0,0,0,0,0,0,0,0
Kasem,Post middle/secondary Diploma,Savelugu Municipal,Rural,Male,0,0,0,0,0,0,0,0,0,0,0,0,0,0,0,0,0,0,0,0
Kasem,Post middle/secondary Diploma,Savelugu Municipal,Urban,Female,0,0,0,0,0,0,0,0,0,0,0,0,0,0,0,0,0,0,0,0
Kasem,Post middle/secondary Diploma,Savelugu Municipal,Urban,Male,0,0,0,0,0,0,0,0,0,0,0,0,0,0,0,0,0,0,0,0
Kasem,Tertiary/HND,Savelugu Municipal,Rural,Female,0,0,0,0,0,0,0,0,0,0,0,0,0,0,0,0,0,0,0,0
Kasem,Tertiary/HND,Savelugu Municipal,Rural,Male,0,0,0,0,0,0,0,0,0,0,0,0,0,0,0,0,0,0,0,0
Kasem,Tertiary/HND,Savelugu Municipal,Urban,Female,0,0,0,0,0,0,0,0,0,0,0,1,0,0,0,0,0,0,0,0
Kasem,Tertiary/HND,Savelugu Municipal,Urban,Male,0,0,0,0,1,0,0,0,0,0,0,0,0,0,0,0,0,0,0,0
Kasem,Tertiary - Bachelor's Degree,Savelugu Municipal,Rural,Female,0,0,0,0,0,0,0,0,0,0,0,0,0,0,0,0,0,0,0,0
Kasem,Tertiary - Bachelor's Degree,Savelugu Municipal,Rural,Male,0,0,0,0,0,0,0,0,0,0,0,0,0,0,0,0,0,0,0,0
Kasem,Tertiary - Bachelor's Degree,Savelugu Municipal,Urban,Female,0,0,0,0,0,2,0,1,0,0,0,0,0,0,0,0,0,0,0,0
Kasem,Tertiary - Bachelor's Degree,Savelugu Municipal,Urban,Male,0,0,0,0,1,1,0,1,0,0,0,0,0,0,0,0,0,0,0,0
Kasem,Tertiary - Post graduate Certificate/Diploma,Savelugu Municipal,Rural,Female,0,0,0,0,0,0,0,0,0,0,0,0,0,0,0,0,0,0,0,0
Kasem,Tertiary - Post graduate Certificate/Diploma,Savelugu Municipal,Rural,Male,0,0,0,0,0,0,0,0,0,0,0,0,0,0,0,0,0,0,0,0
Kasem,Tertiary - Post graduate Certificate/Diploma,Savelugu Municipal,Urban,Female,0,0,0,2,1,0,0,0,0,0,0,0,0,0,0,0,0,0,0,0
Kasem,Tertiary - Post graduate Certificate/Diploma,Savelugu Municipal,Urban,Male,0,0,0,7,7,1,0,0,0,0,0,0,0,0,0,0,0,0,0,0
Kasem,Tertiary - Master's Degree,Savelugu Municipal,Rural,Female,0,0,0,0,0,0,0,0,0,0,0,0,0,0,0,0,0,0,0,0
Kasem,Tertiary - Master's Degree,Savelugu Municipal,Rural,Male,0,0,0,0,0,0,0,0,0,0,0,0,0,0,0,0,0,0,0,0
Kasem,Tertiary - Master's Degree,Savelugu Municipal,Urban,Female,0,0,0,0,0,0,0,0,0,0,1,0,0,0,0,0,0,0,0,0
Kasem,Tertiary - Master's Degree,Savelugu Municipal,Urban,Male,0,0,0,0,0,0,0,1,0,0,0,0,1,0,0,0,0,0,0,0
Kasem,Tertiary - PhD,Savelugu Municipal,Rural,Female,0,0,0,0,0,0,0,0,0,0,0,0,0,0,0,0,0,0,0,0
Kasem,Tertiary - PhD,Savelugu Municipal,Rural,Male,0,0,0,0,0,0,0,0,0,0,0,0,0,0,0,0,0,0,0,0
Kasem,Tertiary - PhD,Savelugu Municipal,Urban,Female,0,0,0,0,0,0,0,0,0,0,0,0,0,0,0,0,0,0,0,0
Kasem,Tertiary - PhD,Savelugu Municipal,Urban,Male,0,0,0,0,0,0,0,1,0,0,0,0,0,0,0,0,0,0,0,0
Kasem,Other (specify),Savelugu Municipal,Rural,Female,0,0,0,0,0,0,0,0,0,0,0,0,0,0,0,0,0,0,0,0
Kasem,Other (specify),Savelugu Municipal,Rural,Male,0,0,0,0,0,0,0,0,0,0,0,0,0,0,0,0,0,0,0,0
Kasem,Other (specify),Savelugu Municipal,Urban,Female,0,0,0,0,0,0,0,0,0,0,0,0,0,0,0,0,0,0,0,0
Kasem,Other (specify),Savelugu Municipal,Urban,Male,0,0,0,0,0,0,0,0,0,0,0,0,0,0,0,0,0,0,0,0
Gruni,Never attended,Savelugu Municipal,Rural,Female,0,0,0,0,0,0,0,0,0,0,0,0,0,0,0,0,0,0,0,0
Gruni,Never attended,Savelugu Municipal,Rural,Male,0,0,0,0,0,0,0,0,0,0,0,0,0,0,0,0,0,0,0,0
Gruni,Never attended,Savelugu Municipal,Urban,Female,0,0,0,0,0,0,0,0,0,0,0,0,0,0,0,0,0,0,0,0
Gruni,Never attended,Savelugu Municipal,Urban,Male,0,0,0,0,0,0,0,0,0,0,0,0,0,0,0,0,0,0,0,0
Gruni,Nursery,Savelugu Municipal,Rural,Female,0,0,0,0,0,0,0,0,0,0,0,0,0,0,0,0,0,0,0,0
Gruni,Nursery,Savelugu Municipal,Rural,Male,0,0,0,0,0,0,0,0,0,0,0,0,0,0,0,0,0,0,0,0
Gruni,Nursery,Savelugu Municipal,Urban,Female,0,0,0,0,0,0,0,0,0,0,0,0,0,0,0,0,0,0,0,0
Gruni,Nursery,Savelugu Municipal,Urban,Male,0,0,0,0,0,0,0,0,0,0,0,0,0,0,0,0,0,0,0,0
Gruni,Kindergarten,Savelugu Municipal,Rural,Female,0,0,0,0,0,0,0,0,0,0,0,0,0,0,0,0,0,0,0,0
Gruni,Kindergarten,Savelugu Municipal,Rural,Male,0,0,0,0,0,0,0,0,0,0,0,0,0,0,0,0,0,0,0,0
Gruni,Kindergarten,Savelugu Municipal,Urban,Female,0,0,0,0,0,0,0,0,0,0,0,0,0,0,0,0,0,0,0,0
Gruni,Kindergarten,Savelugu Municipal,Urban,Male,1,0,0,0,0,0,0,0,0,0,0,0,0,0,0,0,0,0,0,0
Gruni,Primary,Savelugu Municipal,Rural,Female,1,0,0,0,0,0,0,1,0,0,0,0,0,0,0,0,0,0,0,0
Gruni,Primary,Savelugu Municipal,Rural,Male,0,0,0,1,0,0,0,0,0,0,0,0,0,0,0,0,0,0,0,0
Gruni,Primary,Savelugu Municipal,Urban,Female,0,0,0,0,1,0,0,0,0,0,0,0,0,0,0,0,0,0,0,0
Gruni,Primary,Savelugu Municipal,Urban,Male,0,1,0,0,1,0,0,0,0,0,0,0,0,0,0,0,0,0,0,0
Gruni,JSS/JHS,Savelugu Municipal,Rural,Female,0,1,1,0,0,0,0,0,0,0,0,0,0,0,0,0,0,0,0,0
Gruni,JSS/JHS,Savelugu Municipal,Rural,Male,0,1,3,0,2,0,0,0,0,0,0,0,0,0,0,0,0,0,0,0
Gruni,JSS/JHS,Savelugu Municipal,Urban,Female,0,0,0,0,0,0,0,0,0,0,0,0,0,0,0,0,0,0,0,0
Gruni,JSS/JHS,Savelugu Municipal,Urban,Male,0,0,0,0,0,0,0,0,0,0,0,0,0,0,0,0,0,0,0,0
Gruni,Middle,Savelugu Municipal,Rural,Female,0,0,0,0,0,0,0,0,0,0,0,0,0,0,0,0,0,0,0,0
Gruni,Middle,Savelugu Municipal,Rural,Male,0,0,0,0,0,0,0,0,0,0,0,0,0,0,0,0,0,0,0,0
Gruni,Middle,Savelugu Municipal,Urban,Female,0,0,0,0,0,0,0,0,0,0,0,0,0,0,0,0,0,0,0,0
Gruni,Middle,Savelugu Municipal,Urban,Male,0,0,0,0,0,0,0,0,0,0,0,0,0,0,0,0,0,0,0,0
Gruni,SSS/SHS,Savelugu Municipal,Rural,Female,0,0,0,0,3,0,0,0,0,0,0,0,0,0,0,0,0,0,0,0
Gruni,SSS/SHS,Savelugu Municipal,Rural,Male,0,0,2,2,0,0,0,0,1,0,0,0,0,0,0,0,0,0,0,0
Gruni,SSS/SHS,Savelugu Municipal,Urban,Female,0,0,2,2,1,0,0,0,0,0,0,0,0,0,0,0,0,0,0,0
Gruni,SSS/SHS,Savelugu Municipal,Urban,Male,0,0,1,0,2,2,2,0,0,0,0,0,0,0,0,0,0,0,0,0
Gruni,Secondary,Savelugu Municipal,Rural,Female,0,0,0,0,0,0,0,1,0,0,0,0,0,0,0,0,0,0,0,0
Gruni,Secondary,Savelugu Municipal,Rural,Male,0,0,0,0,0,0,0,0,0,1,0,0,0,0,0,0,0,0,0,0
Gruni,Secondary,Savelugu Municipal,Urban,Female,0,0,0,0,0,0,0,0,0,0,0,0,0,0,0,0,0,0,0,0
Gruni,Secondary,Savelugu Municipal,Urban,Male,0,0,0,0,0,0,0,0,0,0,0,0,0,0,0,0,0,0,0,0
Gruni,Voc/technical/commercial,Savelugu Municipal,Rural,Female,0,0,0,0,0,0,0,0,0,0,0,0,0,0,0,0,0,0,0,0
Gruni,Voc/technical/commercial,Savelugu Municipal,Rural,Male,0,0,0,0,0,0,0,0,0,0,0,0,0,0,0,0,0,0,0,0
Gruni,Voc/technical/commercial,Savelugu Municipal,Urban,Female,0,0,0,0,0,0,0,0,0,0,0,0,0,0,0,0,0,0,0,0
Gruni,Voc/technical/commercial,Savelugu Municipal,Urban,Male,0,0,0,0,0,0,0,0,0,0,0,0,0,0,0,0,0,0,0,0
Gruni,Post middle/secondary Certificate,Savelugu Municipal,Rural,Female,0,0,0,0,0,0,0,0,0,0,0,0,0,0,0,0,0,0,0,0
Gruni,Post middle/secondary Certificate,Savelugu Municipal,Rural,Male,0,0,0,0,0,0,0,0,0,0,0,0,0,0,0,0,0,0,0,0
Gruni,Post middle/secondary Certificate,Savelugu Municipal,Urban,Female,0,0,0,0,0,0,0,0,0,0,0,0,0,0,0,0,0,0,0,0
Gruni,Post middle/secondary Certificate,Savelugu Municipal,Urban,Male,0,0,0,0,0,0,0,0,0,0,0,0,0,0,0,0,0,0,0,0
Gruni,Post middle/secondary Diploma,Savelugu Municipal,Rural,Female,0,0,0,0,0,0,0,0,0,0,0,0,0,0,0,0,0,0,0,0
Gruni,Post middle/secondary Diploma,Savelugu Municipal,Rural,Male,0,0,0,0,0,0,0,0,0,0,0,1,0,0,0,0,0,0,0,0
Gruni,Post middle/secondary Diploma,Savelugu Municipal,Urban,Female,0,0,0,0,0,2,0,0,0,0,0,0,0,0,0,0,0,0,0,0
Gruni,Post middle/secondary Diploma,Savelugu Municipal,Urban,Male,0,0,0,0,1,2,0,0,0,0,0,0,0,0,0,0,0,0,0,0
Gruni,Tertiary/HND,Savelugu Municipal,Rural,Female,0,0,0,0,0,0,0,0,0,0,0,0,0,0,0,0,0,0,0,0
Gruni,Tertiary/HND,Savelugu Municipal,Rural,Male,0,0,0,1,0,0,0,0,0,0,0,0,0,0,0,0,0,0,0,0
Gruni,Tertiary/HND,Savelugu Municipal,Urban,Female,0,0,0,2,1,0,1,0,0,0,0,0,0,0,0,0,0,0,0,0
Gruni,Tertiary/HND,Savelugu Municipal,Urban,Male,0,0,0,2,0,0,0,0,0,0,0,0,0,0,0,0,0,0,0,0
Gruni,Tertiary - Bachelor's Degree,Savelugu Municipal,Rural,Female,0,0,0,0,0,0,0,1,0,0,0,0,0,0,0,0,0,0,0,0
Gruni,Tertiary - Bachelor's Degree,Savelugu Municipal,Rural,Male,0,0,0,1,0,0,0,0,0,0,0,0,0,0,0,0,0,0,0,0
Gruni,Tertiary - Bachelor's Degree,Savelugu Municipal,Urban,Female,0,0,0,0,0,0,1,0,0,0,0,0,0,0,0,0,0,0,0,0
Gruni,Tertiary - Bachelor's Degree,Savelugu Municipal,Urban,Male,0,0,0,0,1,3,1,2,0,0,0,0,0,0,0,0,0,0,0,0
Gruni,Tertiary - Post graduate Certificate/Diploma,Savelugu Municipal,Rural,Female,0,0,0,0,0,0,0,0,0,0,0,0,0,0,0,0,0,0,0,0
Gruni,Tertiary - Post graduate Certificate/Diploma,Savelugu Municipal,Rural,Male,0,0,0,1,0,0,0,0,0,0,0,0,0,0,0,0,0,0,0,0
Gruni,Tertiary - Post graduate Certificate/Diploma,Savelugu Municipal,Urban,Female,0,0,0,1,0,1,2,0,0,0,0,0,0,0,0,0,0,0,0,0
Gruni,Tertiary - Post graduate Certificate/Diploma,Savelugu Municipal,Urban,Male,0,0,0,11,3,4,1,0,0,0,0,0,0,0,0,0,0,0,0,0
Gruni,Tertiary - Master's Degree,Savelugu Municipal,Rural,Female,0,0,0,0,0,0,0,0,0,0,0,0,0,0,0,0,0,0,0,0
Gruni,Tertiary - Master's Degree,Savelugu Municipal,Rural,Male,0,0,0,0,0,0,0,0,0,0,0,0,0,0,0,0,0,0,0,0
Gruni,Tertiary - Master's Degree,Savelugu Municipal,Urban,Female,0,0,0,0,0,0,0,0,0,1,1,0,0,0,0,0,0,0,0,0
Gruni,Tertiary - Master's Degree,Savelugu Municipal,Urban,Male,0,0,0,0,0,0,0,1,0,0,0,0,0,0,0,0,0,0,0,0
Gruni,Tertiary - PhD,Savelugu Municipal,Rural,Female,0,0,0,0,0,0,0,0,0,0,0,0,0,0,0,0,0,0,0,0
Gruni,Tertiary - PhD,Savelugu Municipal,Rural,Male,0,0,0,0,0,0,0,0,0,0,0,0,0,0,0,0,0,0,0,0
Gruni,Tertiary - PhD,Savelugu Municipal,Urban,Female,0,0,0,0,0,0,0,0,0,0,0,0,0,0,0,0,0,0,0,0
Gruni,Tertiary - PhD,Savelugu Municipal,Urban,Male,0,0,0,0,0,0,0,0,0,0,0,0,0,0,0,0,0,0,0,0
Gruni,Other (specify),Savelugu Municipal,Rural,Female,0,0,0,0,0,0,0,0,0,0,0,0,0,0,0,0,0,0,0,0
Gruni,Other (specify),Savelugu Municipal,Rural,Male,0,0,0,0,0,0,0,0,0,0,0,0,0,0,0,0,0,0,0,0
Gruni,Other (specify),Savelugu Municipal,Urban,Female,0,0,0,0,0,0,0,0,0,0,0,0,0,0,0,0,0,0,0,0
Gruni,Other (specify),Savelugu Municipal,Urban,Male,0,0,0,0,0,0,0,0,0,0,0,0,0,0,0,0,0,0,0,0
